Darījuma summa, EUR;Pārdotā zemes kopplatība, m2;Būvju skaits;Būves virszemes stāvu skaits;Būves apbūves laukums, m2;Būves kopplatība, m2;Būves būvtilpums, m3;Būves ekspluatācijas uzsākšanas gads;Būves fiziskais nolietojums, %;Telpu grupas zemākais stāvs;Telpu grupas augstākais stāvs;Telpu grupas platība, m2;Dzīvokļa kopplatība, m2;Telpu skaits telpu grupā;Istabu skaits dzīvoklī;Garums;Platums;Gads;Sezona
233500.0;220.88;2;5;1044.8;4309.1;13652.0;2023;0.0;2;2;95.2;86.8;7;4;56.900833;24.047778;2023;4
99000.0;47.73;2;6;1041.8;6523.3;21493.0;2005;15.0;1;1;65.4;65.4;5;2;56.875;24.119167;2023;1
7000.0;37.9;1;5;1944.2;8858.3;33517.0;1979;15.0;3;3;54.6;51.5;7;2;56.832222;24.226667;2023;1
25000.0;70.8;1;5;1270.0;6049.8;19940.0;1971;15.0;5;5;36.5;29.3;5;1;56.858611;24.349722;2023;1
29500.0;70.08;1;5;865.3;4324.6;13928.0;1980;29.0;5;5;42.2;34.7;8;1;56.858611;24.349722;2023;1
73500.0;45.96;1;9;1283.0;10096.4;33586.0;1974;30.0;6;6;60.1;56.4;9;3;56.858611;24.349722;2023;1
20000.0;85.41;1;5;932.1;4522.7;14945.0;1975;30.0;1;1;35.5;35.5;4;2;56.858611;24.349722;2023;1
66000.0;58.53;1;5;1915.7;9364.5;36030.0;2008;13.0;3;3;47.1;43.8;5;1;57.076944;24.323611;2023;1
28000.0;44.85;1;9;1324.0;9942.5;34654.0;1978;17.0;4;4;60.7;56.9;9;3;56.858611;24.349722;2023;1
31000.0;57.14;1;5;864.7;4341.3;13928.0;1979;30.0;1;1;41.0;33.5;6;1;56.858611;24.349722;2023;1
42000.0;38.34;1;5;716.6;3413.9;11392.0;1969;15.0;3;3;48.7;45.8;7;2;56.787222;23.941944;2024;1
20000.0;19.84;1;5;1249.5;6013.9;19137.0;1971;30.0;2;2;52.9;45.7;8;2;56.787222;23.941944;2023;1
59000.0;79.23;1;5;1808.0;8432.0;27314.0;1987;17.0;2;2;70.6;63.1;8;3;56.858611;24.349722;2024;1
70000.0;36.61;1;9;897.3;6921.6;23497.0;1979;17.0;9;9;63.2;60.6;9;3;56.858611;24.349722;2024;1
16500.0;103.53;1;5;700.4;3267.1;10774.0;1972;20.0;2;2;59.9;59.0;8;3;56.744444;24.721389;2023;1
42000.0;31.5;1;10;597.8;5209.6;17383.0;1981;30.0;2;2;33.4;30.9;7;1;56.858611;24.349722;2024;1
158000.0;110.16;1;5;2396.9;9684.6;33228.0;2007;13.0;3;3;104.1;99.1;7;3;57.261944;24.415833;2024;1
8000.0;340.66;2;2;139.9;178.6;780.0;1935;40.0;2;2;30.5;30.5;3;2;56.723056;24.805833;2024;1
110000.0;111.67;1;5;1885.9;9366.6;35631.0;2008;14.0;4;4;80.8;77.5;6;3;57.076944;24.323611;2024;1
40000.0;39.62;1;5;1249.5;6013.9;19137.0;1971;30.0;2;2;52.7;45.5;8;2;56.787222;23.941944;2023;4
157000.0;105.45;1;5;1651.0;8310.0;31433.0;2006;0.0;2;2;88.6;85.3;7;4;57.076944;24.323611;2024;1
54000.0;57.22;1;5;1471.0;7277.4;23664.0;1971;23.0;4;4;45.0;45.0;6;2;56.858611;24.349722;2024;1
6000.0;35.34;1;5;1944.2;8858.3;33517.0;1979;15.0;2;2;51.3;48.1;9;2;56.832222;24.226667;2024;1
146000.0;122.45;1;5;1885.9;9366.6;35631.0;2008;14.0;5;5;88.6;85.4;6;4;57.076944;24.323611;2024;1
62000.0;98.36;1;3;521.4;1136.1;4168.0;1997;0.0;3;3;74.6;68.1;8;2;57.155;24.857778;2024;1
20000.0;19.1;1;5;1414.6;6880.0;19804.0;1970;16.0;1;1;34.9;34.9;7;2;56.832222;24.226667;2024;1
18400.0;293.84;1;1;213.7;159.6;602.0;1960;60.0;1;1;32.7;32.7;7;1;56.858611;24.349722;2023;1
34000.0;50.45;1;5;1156.0;5492.4;16758.0;1973;30.0;2;2;38.5;35.7;6;2;56.858611;24.349722;2024;1
60000.0;127.84;1;5;823.9;3836.5;12668.0;1978;25.0;5;5;65.0;57.8;7;3;57.076944;24.323611;2024;1
36000.0;94.95;1;3;734.7;2314.2;7782.0;1980;29.0;2;2;59.5;52.9;9;2;57.155;24.857778;2024;1
42000.0;77.87;1;5;700.4;3267.1;10774.0;1972;20.0;3;3;45.2;44.3;7;2;56.744444;24.721389;2024;1
57000.0;22.32;1;9;901.0;6803.9;23862.0;1979;18.0;9;9;60.7;58.2;9;3;56.858611;24.349722;2024;1
44500.0;120.95;1;3;304.4;683.0;2532.0;1962;35.0;2;2;48.0;48.0;5;2;57.155;24.857778;2024;1
35000.0;105.35;1;3;304.4;683.0;2532.0;1962;35.0;2;2;41.8;41.8;5;2;57.155;24.857778;2024;1
21000.0;128.06;1;5;967.6;3959.9;9070.0;1991;26.0;4;4;67.1;60.5;8;3;57.076944;24.323611;2024;1
50000.0;78.38;1;5;955.5;4118.7;13367.0;1984;22.0;2;2;45.5;45.5;6;2;57.155;24.857778;2024;1
20000.0;106.44;1;10;352.0;2669.8;9405.0;1975;31.0;8;8;39.9;34.6;6;1;56.858611;24.349722;2024;1
19000.0;15.01;1;9;520.3;3676.2;14214.0;1966;30.0;4;4;29.3;29.3;4;1;56.787222;23.941944;2024;1
215000.0;289.48;2;3;853.0;2148.1;6936.0;2006;14.0;1;2;152.2;113.5;11;3;56.900833;24.047778;2024;1
74500.0;58.27;1;4;1166.7;4547.5;15349.0;2006;14.0;2;2;69.3;63.5;6;2;56.858611;24.349722;2024;1
38000.0;70.42;1;5;865.3;4324.6;13928.0;1980;29.0;1;1;42.5;34.9;3;1;56.858611;24.349722;2024;1
33000.0;19.46;1;5;1414.6;6880.0;19804.0;1970;16.0;1;1;35.5;35.5;6;2;56.832222;24.226667;2024;1
40000.0;91.49;1;5;846.3;3502.3;11409.0;2006;14.0;5;5;59.3;57.0;5;3;56.723056;24.805833;2024;1
25000.0;117.42;1;3;930.0;2808.1;9994.0;1993;17.0;1;1;52.0;46.2;7;2;57.155;24.857778;2024;1
148800.0;154.52;1;4;367.5;1525.7;4751.0;2022;0.0;1;1;73.8;67.8;5;3;57.155;24.857778;2024;1
87000.0;93.01;1;4;444.7;1201.7;4887.0;2007;30.0;3;4;90.5;90.5;6;3;57.0925;24.546389;2024;1
113000.0;34.89;1;5;1063.7;4709.0;16345.0;2008;0.0;4;4;65.9;57.0;5;3;56.875;24.119167;2024;1
165000.0;261.46;2;2;444.0;604.8;2007.0;2019;0.0;1;2;150.1;119.9;13;5;57.155;24.857778;2024;1
40500.0;70.84;1;5;1446.0;7202.7;22541.0;1975;32.0;3;3;46.8;44.0;8;2;56.858611;24.349722;2024;1
44500.0;62.13;1;5;1432.5;7352.4;22411.0;1981;25.0;4;4;61.4;59.3;6;3;57.0925;24.546389;2024;1
129900.0;38.27;1;5;791.2;3729.3;11981.0;2008;0.0;2;2;74.3;65.3;6;3;56.875;24.119167;2024;1
31000.0;93.49;2;5;630.0;3122.1;10202.0;1980;31.0;1;1;55.2;51.8;7;2;56.858611;24.349722;2024;1
40000.0;37.29;1;9;1324.0;9942.5;34654.0;1978;17.0;4;4;50.4;47.2;7;2;56.858611;24.349722;2024;1
40000.0;99.4;1;5;1615.2;6758.2;22497.0;1982;28.0;5;5;56.5;53.3;7;2;56.858611;24.349722;2023;1
55000.0;65.24;1;5;623.6;3004.5;9952.0;2006;0.0;4;4;69.4;63.3;7;3;56.787222;23.941944;2024;1
23000.0;53.37;1;3;425.8;1097.7;3955.0;1971;20.0;1;1;46.2;46.2;6;2;56.723056;24.805833;2024;1
130000.0;217.91;1;4;299.8;1196.9;3736.0;2013;0.0;2;2;73.3;65.3;6;3;57.155;24.857778;2024;1
148000.0;120.63;1;4;4488.3;9762.6;37744.0;2007;18.0;2;2;94.1;90.7;6;4;57.076944;24.323611;2024;1
18000.0;68.53;1;5;865.3;4324.6;13928.0;1980;29.0;3;3;41.3;33.9;8;1;56.858611;24.349722;2024;1
29120.0;35.54;1;5;1272.6;5556.6;21438.0;1972;30.0;3;3;51.6;44.4;7;2;56.787222;23.941944;2024;1
84500.0;68.31;2;4;885.8;3632.8;12172.0;2021;0.0;2;2;46.1;42.3;4;2;57.076944;24.323611;2024;1
55500.0;28.23;1;9;660.3;4777.7;17268.0;1990;5.0;7;7;61.0;57.2;9;3;56.787222;23.941944;2024;1
62000.0;87.91;1;5;923.5;4095.0;13605.0;1995;24.0;2;2;56.1;53.3;9;2;56.858611;24.349722;2024;1
59000.0;36.43;1;5;771.2;2955.2;10429.0;1986;0.0;4;4;53.7;52.1;8;2;56.836667;24.496111;2024;1
28000.0;75.47;1;4;818.5;3048.7;11240.0;1991;26.0;1;1;50.3;48.2;9;2;56.744444;24.721389;2024;1
10000.0;31.51;1;3;366.7;1170.0;3942.0;1970;30.0;3;3;29.1;29.1;4;1;56.832222;24.226667;2024;1
33000.0;42.34;1;5;768.3;3542.1;12310.0;1965;15.0;3;3;45.9;44.1;6;2;56.787222;23.941944;2024;1
62000.0;30.51;1;5;1459.3;6890.1;24471.0;1975;17.0;3;3;54.7;51.5;8;2;56.832222;24.226667;2024;1
20000.0;68.53;1;5;865.3;4324.6;13928.0;1980;29.0;3;3;41.3;33.9;8;1;56.858611;24.349722;2024;1
62000.0;105.38;1;5;797.8;3410.6;11411.0;1968;25.0;5;5;61.9;58.9;8;3;56.858611;24.349722;2024;1
87000.0;76.29;1;5;1885.9;9366.6;35631.0;2008;14.0;5;5;55.2;51.9;5;3;57.076944;24.323611;2024;1
136500.0;108.88;1;4;4488.3;9762.6;37744.0;2007;18.0;1;1;87.1;79.2;5;3;57.076944;24.323611;2024;1
47000.0;51.5;1;5;1369.8;6103.0;20989.0;1983;16.0;3;3;33.1;33.1;5;1;57.076944;24.323611;2024;1
51500.0;51.98;1;6;1096.9;5558.8;17369.0;1970;31.0;2;2;50.6;47.2;7;2;56.787222;23.941944;2024;1
28000.0;35.25;1;4;920.8;3276.9;11210.0;1977;30.0;2;2;50.8;49.3;7;2;56.723056;24.805833;2024;1
38000.0;93.49;2;5;630.0;3122.1;10202.0;1980;31.0;1;1;55.2;51.8;7;2;56.858611;24.349722;2024;1
86000.0;97.88;1;3;578.9;1817.6;5829.0;1985;15.0;1;1;62.1;62.1;7;2;57.076944;24.323611;2024;1
57000.0;22.93;1;9;901.0;6803.9;23862.0;1979;17.0;2;2;62.5;60.0;9;3;56.858611;24.349722;2024;1
149900.0;123.65;1;4;2718.4;7465.8;24622.0;2022;0.0;1;1;67.6;54.9;6;3;56.900833;24.047778;2024;1
73500.0;49.12;1;10;606.0;5234.6;17462.0;1979;39.0;3;3;77.3;72.1;12;4;56.858611;24.349722;2024;1
14000.0;77.41;1;3;1355.0;2932.8;10354.0;1975;30.0;3;3;43.0;35.7;6;1;56.875;24.119167;2024;1
33000.0;27.99;1;5;601.9;2846.7;9815.0;1964;25.0;1;1;41.1;41.1;5;2;56.787222;23.941944;2024;1
1000.0;143.47;1;3;918.7;2737.5;9233.0;1970;30.0;2;2;33.7;33.7;5;1;56.7425;24.394167;2024;1
35000.0;170.78;2;3;614.3;1550.6;5278.0;1983;25.0;1;1;47.9;47.9;6;2;57.261944;24.415833;2023;4
47500.0;63.54;1;5;1089.9;5234.7;16737.0;1969;16.0;1;1;59.9;59.9;7;3;56.787222;23.941944;2024;1
12250.0;57.54;1;5;743.7;3651.4;11035.0;1975;17.0;2;2;38.6;35.8;6;2;56.858611;24.349722;2024;1
8850.0;54.88;1;5;1242.0;6058.9;19928.0;1972;25.0;4;4;51.9;48.8;3;1;56.858611;24.349722;2024;1
15000.0;53.02;2;5;878.6;4029.4;13280.0;1985;10.0;5;5;33.4;33.4;6;1;56.858611;24.349722;2024;1
2000.0;302.69;1;3;918.7;2737.5;9233.0;1970;30.0;1;1;71.1;63.9;12;3;56.7425;24.394167;2024;1
23000.0;24.87;1;6;1200.4;5177.1;17081.0;1966;27.0;3;3;26.4;26.4;4;1;56.787222;23.941944;2024;1
230000.0;482.35;1;2;1198.8;1818.8;6298.0;2023;0.0;1;2;156.4;139.1;10;4;56.900833;24.047778;2024;1
28000.0;99.47;1;3;391.3;1120.5;4118.0;1968;40.0;1;1;48.3;48.3;7;2;57.261944;24.415833;2024;1
89000.0;103.93;1;5;776.9;3439.6;12897.0;2004;18.0;1;1;60.7;60.7;8;3;56.875;24.119167;2024;2
2000.0;25.95;1;5;1414.6;6880.0;19804.0;1970;16.0;4;4;49.5;46.5;9;2;56.832222;24.226667;2024;1
66000.0;44.25;1;9;1324.0;9942.5;34654.0;1978;17.0;3;3;59.9;56.1;9;3;56.858611;24.349722;2024;2
13000.0;43.29;1;6;551.1;2692.9;8702.0;1969;20.0;2;2;49.4;46.3;7;2;56.787222;23.941944;2024;2
62900.0;99.47;1;3;391.3;1120.5;4118.0;1968;40.0;1;1;48.3;48.3;7;2;57.261944;24.415833;2024;2
66000.0;82.63;1;4;630.6;2291.9;7526.0;1985;25.0;3;3;54.7;51.2;7;2;56.875;24.119167;2024;2
2000.0;42.34;1;5;932.1;4522.5;14945.0;1975;30.0;4;4;17.6;17.6;3;1;56.858611;24.349722;2024;2
58000.0;56.89;1;5;702.8;3651.0;10996.0;1972;30.0;3;3;62.3;59.5;8;3;56.787222;23.941944;2024;2
73000.0;63.2;1;5;1030.0;5279.8;17151.0;1973;30.0;1;1;58.2;58.2;8;3;56.858611;24.349722;2024;2
18000.0;38.12;1;5;1030.0;5279.8;17151.0;1973;30.0;1;1;35.8;35.8;5;2;56.858611;24.349722;2024;1
96775.0;80.46;2;4;886.1;3623.9;12164.0;2022;0.0;2;2;54.3;50.6;4;2;57.076944;24.323611;2024;2
62000.0;33.85;1;5;1309.2;6424.4;23142.0;2006;14.0;3;3;37.0;37.0;4;2;56.858611;24.349722;2024;2
45000.0;49.14;1;5;1089.9;5234.7;16737.0;1969;16.0;4;4;48.3;45.5;7;2;56.787222;23.941944;2024;2
87000.0;99.27;1;4;1850.3;6568.3;24858.0;2018;0.0;3;3;49.5;49.5;3;2;56.900833;24.047778;2024;2
25000.0;59.49;1;3;521.4;1136.1;4168.0;1997;0.0;2;2;45.0;42.0;7;3;57.155;24.857778;2024;2
203100.0;189.33;2;5;1044.8;4309.1;13652.0;2023;0.0;2;2;81.6;73.1;6;3;56.900833;24.047778;2024;2
7000.0;44.03;1;5;932.1;4522.5;14945.0;1975;30.0;3;3;18.3;18.3;4;1;56.858611;24.349722;2024;2
173000.0;170.77;2;5;1044.8;4309.1;13652.0;2023;0.0;4;4;73.6;65.2;5;3;56.900833;24.047778;2024;2
23000.0;38.28;1;4;522.2;1672.4;6959.0;1964;14.0;4;4;29.6;29.6;2;2;56.787222;23.941944;2024;2
100000.0;201.57;2;3;384.8;1104.0;3947.0;1984;22.0;3;3;73.2;62.2;7;3;57.076944;24.323611;2024;2
24000.0;100.72;1;10;352.0;2669.8;9405.0;1975;31.0;7;7;37.1;34.4;5;1;56.858611;24.349722;2024;2
55000.0;99.88;1;5;715.1;3082.3;10736.0;1989;10.0;2;2;54.8;51.5;7;2;56.832222;24.226667;2024;2
11667.55;49.6;1;5;715.0;3446.3;11133.0;1982;16.0;4;4;32.6;29.9;6;1;56.875;24.119167;2013;3
140000.0;54.88;2;6;1041.8;6523.3;21493.0;2005;15.0;5;5;74.9;71.3;5;3;56.875;24.119167;2024;2
79800.0;56.29;1;5;2396.9;9684.6;33228.0;2007;13.0;1;1;53.2;39.4;3;1;57.261944;24.415833;2024;2
60000.0;136.78;1;3;833.1;2643.4;9763.0;2008;13.0;3;3;54.5;43.2;5;2;57.155;24.857778;2024;2
38250.0;101.54;1;2;312.0;426.0;1785.0;1954;35.0;2;2;44.8;44.8;6;2;56.787222;23.941944;2024;2
62000.0;146.75;1;2;254.6;492.0;1668.0;1961;20.0;2;2;49.6;49.6;5;2;57.155;24.857778;2024;2
37000.0;14.47;1;9;901.0;6803.8;23862.0;1979;17.0;1;1;39.6;37.2;7;1;56.858611;24.349722;2024;2
24000.0;27.23;1;4;1359.2;5036.6;17234.0;1980;15.0;2;2;32.8;32.8;5;1;56.832222;24.226667;2024;2
32000.0;29.84;1;6;1096.9;5558.8;17369.0;1970;31.0;4;4;27.8;27.8;4;1;56.787222;23.941944;2024;2
32500.0;35.86;1;5;1272.6;5556.6;21438.0;1972;30.0;1;1;52.0;44.8;7;2;56.787222;23.941944;2024;2
85000.0;161.18;1;5;999.3;4093.6;13390.0;1987;18.0;1;1;81.0;77.5;8;3;56.875;24.119167;2024;2
112000.0;42.47;3;6;1563.7;5960.1;19292.0;2008;13.0;5;5;57.9;51.3;4;2;56.900833;24.047778;2024;2
32000.0;79.18;1;5;643.2;3171.8;10260.0;1994;0.0;5;5;56.5;48.5;7;2;57.0925;24.546389;2024;2
68500.0;104.9;1;3;557.9;1758.9;5722.0;1973;23.0;1;1;59.5;52.3;8;2;57.076944;24.323611;2024;2
15000.0;68.91;1;5;865.3;4324.6;13928.0;1980;29.0;1;1;41.7;34.0;8;1;56.858611;24.349722;2024;2
179000.0;263.38;2;2;444.0;604.8;2007.0;2019;0.0;1;2;151.2;120.8;13;5;57.155;24.857778;2024;2
35000.0;99.47;1;4;818.5;3048.7;11240.0;1991;26.0;4;4;66.3;62.9;10;3;56.744444;24.721389;2024;2
75000.0;71.42;2;4;885.8;3632.8;12172.0;2021;0.0;3;3;48.2;44.4;4;2;57.076944;24.323611;2024;2
85000.0;104.06;1;4;637.8;2032.3;7337.0;2007;13.0;4;4;45.8;42.4;4;2;56.900833;24.047778;2024;2
79500.0;99.47;1;4;1850.3;6568.3;24858.0;2018;0.0;2;2;49.6;49.6;3;2;56.900833;24.047778;2024;2
29900.0;122.9;1;3;436.3;1338.6;4503.0;1963;30.0;1;1;36.1;36.1;5;2;56.858611;24.349722;2024;2
5000.0;32.6;1;5;932.1;4522.5;14945.0;1975;30.0;5;5;17.9;17.9;4;1;56.858611;24.349722;2024;2
58000.0;80.04;1;3;551.2;1725.5;5895.0;1969;30.0;2;2;57.9;57.9;7;3;57.155;24.857778;2024;2
227000.0;664.56;1;2;442.1;693.6;2345.0;2007;0.0;1;2;230.7;204.2;14;4;56.900833;24.047778;2024;2
94618.0;70.82;2;4;886.1;3623.9;12164.0;2022;0.0;1;1;47.8;44.1;4;2;57.076944;24.323611;2024;2
20000.0;26.5;1;5;1249.5;6013.9;19137.0;1971;30.0;4;4;36.4;29.2;5;1;56.787222;23.941944;2024;2
88500.0;41.56;1;5;875.5;3356.8;12551.0;1978;15.0;5;5;72.3;68.8;10;3;56.836667;24.496111;2024;2
50000.0;36.57;1;5;1102.9;4999.7;16827.0;1983;10.0;2;2;54.0;51.0;7;2;56.7425;24.394167;2024;2
57000.0;28.01;1;5;898.5;4003.8;14053.0;1981;29.0;5;5;46.6;46.6;6;2;56.836667;24.496111;2024;2
40000.0;133.5;1;2;531.0;1215.8;4724.0;1953;40.0;1;1;48.8;48.8;6;2;56.875;24.119167;2024;2
59000.0;83.07;1;5;1318.0;6040.4;21023.0;1974;30.0;5;5;67.0;59.9;8;3;56.858611;24.349722;2024;2
100000.0;43.72;3;6;1563.7;5960.1;19292.0;2008;13.0;3;3;59.6;56.1;4;2;56.900833;24.047778;2024;2
37000.0;29.92;1;10;1015.0;9432.4;28853.0;1976;41.0;5;5;36.1;36.1;6;1;56.858611;24.349722;2024;2
62000.0;78.14;1;9;364.7;2679.1;9729.0;1971;46.0;8;8;53.3;47.1;10;2;56.858611;24.349722;2024;2
7000.0;69.36;1;2;312.3;605.7;2715.0;1925;50.0;1;1;32.4;32.4;5;1;57.155;24.857778;2024;2
55000.0;33.05;1;5;1076.2;5172.6;17084.0;1970;18.0;5;5;58.4;55.2;8;3;56.832222;24.226667;2024;2
62500.0;83.91;1;5;1156.0;5492.4;16758.0;1973;30.0;4;4;62.1;59.4;6;3;56.858611;24.349722;2024;2
1999.0;46.8;1;5;1102.9;4999.7;16827.0;1983;10.0;2;2;69.1;62.5;8;3;56.7425;24.394167;2024;2
30000.0;104.15;1;10;352.0;2669.8;9405.0;1975;31.0;4;4;39.1;33.8;6;1;56.858611;24.349722;2024;2
41000.0;46.59;1;5;1030.0;5279.8;17151.0;1973;30.0;3;3;45.6;42.9;5;2;56.858611;24.349722;2024;2
195000.0;209.4;2;5;1044.8;4309.1;13652.0;2023;0.0;2;2;95.0;86.6;8;4;56.900833;24.047778;2024;2
28500.0;19.64;1;5;601.9;2846.7;9815.0;1964;25.0;3;3;30.3;28.4;5;1;56.787222;23.941944;2024;2
40000.0;152.71;1;5;527.9;2531.6;8613.0;2005;15.0;3;3;60.5;52.8;5;1;57.076944;24.323611;2023;1
52900.0;58.29;1;10;597.8;5209.6;17383.0;1981;30.0;7;7;61.8;59.1;10;3;56.858611;24.349722;2024;2
50000.0;18.71;1;9;901.0;6803.8;23862.0;1979;17.0;8;8;51.1;48.7;8;2;56.858611;24.349722;2024;2
30200.0;168.84;1;3;632.3;1644.2;5703.0;1984;10.0;2;2;70.3;66.8;10;3;56.744444;24.721389;2024;2
65000.0;41.28;1;9;326.6;2354.7;8747.0;1990;19.0;9;9;59.8;57.8;8;3;56.787222;23.941944;2024;2
20000.0;15.01;1;9;520.3;3676.2;14214.0;1966;30.0;4;4;29.3;29.3;4;1;56.787222;23.941944;2024;2
58000.0;81.71;1;3;501.1;1259.9;5422.0;1979;30.0;3;3;45.4;45.4;7;2;57.155;24.857778;2024;2
33000.0;29.76;1;10;1015.0;9432.4;28853.0;1976;41.0;1;1;35.9;35.9;7;1;56.858611;24.349722;2024;2
22000.0;45.24;1;5;1540.0;7274.9;21726.0;1969;20.0;2;2;31.2;28.5;5;1;56.858611;24.349722;2024;2
65600.0;164.29;1;4;311.1;1072.3;2942.0;2008;0.0;2;2;73.9;65.6;6;2;56.875;24.119167;2024;2
51500.0;47.54;1;5;873.1;3945.5;13582.0;1983;14.0;1;1;66.3;64.7;8;3;56.836667;24.496111;2024;2
85000.0;115.32;1;3;736.8;2362.8;7630.0;1974;25.0;3;3;73.5;66.3;9;3;57.076944;24.323611;2024;2
137000.0;74.93;1;4;596.8;2270.9;7922.0;2007;15.0;3;4;126.5;121.8;8;4;56.858611;24.349722;2024;2
18000.0;31.85;1;5;1030.0;5279.8;17151.0;1973;30.0;2;2;45.6;43.3;8;2;56.858611;24.349722;2024;2
150000.0;74.29;1;4;596.8;2270.9;7922.0;2007;15.0;3;4;121.0;116.2;8;3;56.858611;24.349722;2024;2
2000.0;342.23;2;2;350.1;519.8;2207.0;1936;55.0;2;2;24.2;24.2;4;1;56.744444;24.721389;2024;2
69105.26;42.73;1;5;547.0;2911.1;8768.0;2007;19.0;3;3;57.4;52.9;5;2;56.858611;24.349722;2024;2
50000.0;103.25;1;5;700.4;3267.1;10774.0;1972;20.0;4;4;59.9;59.0;8;3;56.744444;24.721389;2024;2
145000.0;771.33;1;3;269.6;769.8;2780.0;1903;15.0;2;2;131.6;79.0;7;4;57.155;24.857778;2024;2
8500.0;52.7;2;5;878.6;4029.4;13280.0;1985;10.0;3;3;33.2;33.2;5;1;56.858611;24.349722;2024;2
2000.0;18.95;1;5;1040.2;5500.2;16528.0;1975;30.0;4;4;39.4;36.3;6;2;56.832222;24.226667;2024;2
74000.0;33.64;1;6;920.3;4636.2;14391.0;1977;15.0;4;4;68.2;61.0;6;3;56.832222;24.226667;2024;2
59000.0;88.75;1;3;434.5;1260.0;4631.0;1965;35.0;3;3;40.8;40.8;3;2;57.155;24.857778;2024;2
20000.0;21.57;1;5;593.6;2686.8;9875.0;1964;30.0;3;3;54.9;53.2;8;3;56.787222;23.941944;2024;2
48500.0;38.57;1;10;1151.0;10084.3;32287.0;1977;15.0;4;4;51.1;48.6;8;2;56.858611;24.349722;2024;2
80000.0;106.26;1;5;695.2;3187.6;11037.0;1982;28.0;5;5;76.3;73.0;10;3;56.858611;24.349722;2024;2
38000.0;219.64;1;3;255.6;765.0;2817.0;1960;30.0;3;3;48.7;48.7;5;2;56.723056;24.805833;2024;2
21300.0;128.06;1;5;967.6;3959.9;9070.0;1991;26.0;4;4;67.1;60.5;8;3;57.076944;24.323611;2024;2
22000.0;35.26;1;4;860.5;3426.8;11343.0;1979;30.0;1;1;53.7;50.5;7;2;56.832222;24.226667;2024;2
26000.0;40.8;1;3;380.2;857.0;3106.0;1970;29.0;2;2;21.4;21.4;5;1;56.836667;24.496111;2024;2
29000.0;41.88;1;5;1156.0;5492.4;16758.0;1973;30.0;2;2;32.3;29.5;6;1;56.858611;24.349722;2024;2
119550.0;92.96;1;4;2418.4;9100.8;32944.0;2020;0.0;1;1;50.6;50.6;4;2;56.900833;24.047778;2024;2
129500.0;131.76;1;5;1639.1;7453.6;20640.0;2004;19.0;5;5;85.3;80.3;8;2;56.900833;24.047778;2024;2
10880.0;97.62;1;3;376.7;1167.3;3974.0;1967;10.0;1;1;45.0;45.0;6;2;57.155;24.857778;2024;2
250000.0;523.96;1;3;494.4;898.0;2781.0;2022;0.0;1;3;223.1;179.8;16;6;56.836667;24.496111;2024;2
24000.0;52.57;1;5;676.4;3100.6;10697.0;2003;15.0;5;5;35.0;35.0;1;1;56.787222;23.941944;2024;2
50000.0;43.95;1;9;1324.0;9942.5;34654.0;1978;17.0;4;4;59.5;55.7;9;3;56.858611;24.349722;2024;2
16120.0;440.14;1;1;210.3;156.4;583.0;1960;60.0;1;1;35.7;35.7;7;1;56.858611;24.349722;2024;2
89840.0;67.42;2;4;886.1;3623.9;12164.0;2022;0.0;4;4;45.5;41.7;4;2;57.076944;24.323611;2024;2
60000.0;47.54;1;5;873.1;3945.5;13582.0;1983;14.0;1;1;66.3;64.7;8;3;56.836667;24.496111;2024;2
130000.0;318.33;1;2;397.9;533.0;1919.0;2021;0.0;1;2;86.1;86.1;9;4;57.155;24.857778;2024;2
32000.0;99.19;1;5;1615.2;6758.2;22497.0;1982;28.0;4;4;56.4;53.2;7;2;56.858611;24.349722;2024;2
49900.0;69.58;1;5;385.2;1766.5;6305.0;1990;5.0;5;5;48.0;48.0;4;1;56.858611;24.349722;2024;2
24900.0;35.79;1;4;920.8;3276.9;11210.0;1977;30.0;3;3;51.7;50.2;7;2;56.723056;24.805833;2024;2
10000.0;21.26;1;4;990.6;3223.3;11842.0;1987;10.0;2;2;34.0;34.0;6;1;56.723056;24.805833;2024;2
5500.0;289.28;2;2;139.9;178.6;780.0;1935;40.0;2;2;25.9;25.9;2;1;56.723056;24.805833;2024;2
88000.0;72.0;1;5;1885.9;9366.6;35631.0;2008;14.0;3;3;52.1;48.9;4;2;57.076944;24.323611;2024;2
21500.0;119.4;3;3;232.2;368.6;1346.0;1900;35.0;1;1;33.7;33.7;3;2;57.261944;24.415833;2024;2
121000.0;41.3;3;6;2480.0;8132.2;25598.0;2011;12.0;5;5;56.3;51.5;4;2;56.900833;24.047778;2024;2
61000.0;128.06;1;5;967.6;3959.9;9070.0;1991;26.0;4;4;67.1;60.5;8;3;57.076944;24.323611;2024;2
89000.0;107.24;1;5;1885.9;9366.6;35631.0;2008;14.0;1;1;77.6;77.6;5;3;57.076944;24.323611;2024;2
150000.0;110.9;1;5;2396.9;9684.6;33228.0;2007;13.0;2;2;104.8;99.8;7;3;57.261944;24.415833;2024;2
80000.0;46.88;1;5;736.7;2823.1;10547.0;1986;17.0;5;5;65.1;61.6;8;3;56.836667;24.496111;2024;2
21500.0;109.48;3;3;232.2;368.6;1346.0;1900;35.0;1;1;30.9;30.9;3;2;57.261944;24.415833;2024;2
162000.0;479.62;1;2;323.2;489.4;1495.0;2019;0.0;1;2;97.6;86.7;10;4;57.155;24.857778;2024;2
40000.0;200.92;2;3;614.3;1550.6;5278.0;1983;25.0;2;2;57.0;57.0;7;3;57.261944;24.415833;2024;2
60000.0;79.37;1;3;528.5;1330.6;4627.0;1972;27.0;2;2;55.7;52.2;7;2;56.836667;24.496111;2024;2
42000.0;61.8;1;6;540.4;2553.2;8543.0;1970;20.0;3;3;48.5;45.4;9;2;56.787222;23.941944;2024;2
58000.0;45.02;1;4;758.7;3297.5;10318.0;1974;16.0;4;4;51.4;45.4;8;2;56.832222;24.226667;2024;2
152000.0;113.77;1;4;1166.7;4547.5;15349.0;2006;14.0;3;4;135.3;129.6;10;4;56.858611;24.349722;2024;2
15000.0;44.54;1;5;698.4;3347.8;10864.0;1967;29.0;1;1;35.8;35.8;5;2;56.787222;23.941944;2024;2
137940.0;285.37;1;3;200.6;478.6;1667.0;2024;0.0;2;2;74.6;70.5;5;3;57.155;24.857778;2024;2
35000.0;35.2;1;10;312.6;2347.7;8110.0;1977;25.0;7;7;51.4;48.9;8;2;56.787222;23.941944;2024;2
45000.0;21.61;1;6;594.9;3608.1;12092.0;2007;0.0;4;4;27.6;27.6;2;1;56.832222;24.226667;2024;2
86000.0;59.38;1;9;1283.0;10096.4;33586.0;1974;30.0;2;2;78.5;71.9;11;4;56.858611;24.349722;2024;2
134000.0;303.47;1;4;265.2;1194.6;3735.0;2014;0.0;3;3;73.1;65.1;6;3;57.155;24.857778;2024;2
60000.0;30.75;1;5;1414.6;6880.0;19804.0;1970;16.0;2;2;58.3;55.3;9;3;56.832222;24.226667;2024;3
100000.0;134.9;1;3;853.8;2133.3;6940.0;2006;0.0;3;3;62.3;53.4;4;2;56.900833;24.047778;2024;2
95000.0;81.94;2;4;885.8;3632.8;12172.0;2021;0.0;2;2;55.3;51.5;4;2;57.076944;24.323611;2024;3
5026.0;21.14;1;4;990.6;3223.3;11842.0;1987;10.0;2;2;33.8;33.8;5;1;56.723056;24.805833;2024;3
40000.0;49.54;1;4;434.4;1664.0;5960.0;1965;20.0;4;4;41.5;41.5;4;2;56.787222;23.941944;2024;3
4000.0;28.5;1;5;768.3;3542.1;12310.0;1965;15.0;5;5;31.3;29.5;5;1;56.787222;23.941944;2024;3
22300.0;27.47;1;5;768.3;3542.1;12310.0;1965;15.0;1;1;28.9;28.9;4;1;56.787222;23.941944;2024;2
53000.0;77.04;1;5;1680.8;6795.1;22364.0;1988;25.0;1;1;54.6;48.1;7;2;57.076944;24.323611;2024;3
47001.0;30.24;1;5;1459.3;6890.1;24471.0;1975;17.0;4;4;54.3;51.1;8;2;56.832222;24.226667;2024;3
32000.0;21.28;1;5;716.6;3413.9;11392.0;1969;15.0;4;4;25.7;25.7;4;1;56.787222;23.941944;2024;2
130000.0;183.8;1;3;322.6;744.9;2790.0;2020;0.0;3;3;65.5;62.4;6;3;56.900833;24.047778;2024;2
47500.0;46.26;1;5;877.7;3753.4;13728.0;2004;0.0;4;4;34.1;34.1;2;1;56.875;24.119167;2024;3
45500.0;89.54;1;5;999.3;4093.6;13390.0;1987;18.0;2;2;45.0;45.0;6;2;56.875;24.119167;2024;3
96950.0;81.05;2;4;886.1;3623.9;12164.0;2022;0.0;4;4;54.7;51.0;4;2;57.076944;24.323611;2024;3
13000.0;15.27;1;4;860.5;3426.8;11343.0;1979;30.0;4;4;46.5;46.5;6;2;56.832222;24.226667;2022;2
87000.0;106.06;1;4;961.9;3644.0;12726.0;1980;28.0;4;4;74.3;67.1;7;3;57.076944;24.323611;2024;3
28500.0;53.54;1;3;380.2;857.0;3106.0;1970;29.0;3;3;28.0;28.0;4;1;56.836667;24.496111;2024;3
27434.39;46.27;1;9;1283.0;10096.4;33586.0;1974;30.0;2;2;60.5;56.7;9;3;56.858611;24.349722;2008;2
46000.0;176.59;1;4;709.4;2658.1;9199.0;1973;15.0;2;2;58.1;58.1;5;3;57.155;24.857778;2024;3
63000.0;74.69;1;4;838.5;3285.4;11234.0;1990;10.0;2;2;54.8;51.5;7;2;57.155;24.857778;2024;3
36000.0;33.73;1;6;1200.4;5177.1;17081.0;1966;27.0;5;5;38.1;34.9;7;2;56.787222;23.941944;2024;3
7000.0;30.74;1;5;680.5;3697.5;11093.0;1969;19.0;2;2;39.6;36.8;6;2;57.0925;24.546389;2024;3
10000.0;391.26;3;2;193.8;329.0;1290.0;1986;40.0;1;1;35.3;35.3;1;1;56.744444;24.721389;2024;3
22000.0;45.55;1;5;892.4;4406.7;14008.0;1980;30.0;2;2;42.6;35.2;7;1;56.787222;23.941944;2024;3
41000.0;21.53;1;6;594.9;3608.1;12092.0;2007;0.0;1;1;27.5;27.5;2;1;56.832222;24.226667;2024;3
112000.0;59.71;3;6;1563.7;5958.7;19292.0;2008;12.0;4;4;81.4;77.6;4;2;56.900833;24.047778;2024;3
61000.0;25.8;1;5;1414.6;6880.0;19804.0;1970;16.0;4;4;49.3;46.3;9;2;56.832222;24.226667;2024;3
24000.0;47.18;1;5;1045.0;5333.3;16861.0;1973;20.0;4;4;37.6;34.9;7;2;56.858611;24.349722;2024;3
181000.0;185.15;2;5;1044.8;4309.1;13652.0;2023;0.0;3;3;79.8;71.3;6;3;56.900833;24.047778;2024;3
135000.0;117.75;1;5;1885.9;9366.6;35631.0;2008;14.0;1;1;83.8;75.8;6;3;57.076944;24.323611;2024;3
15000.0;30.3;1;5;698.4;3336.1;10912.0;1966;18.0;5;5;31.1;28.5;6;1;56.787222;23.941944;2024;3
61000.0;100.33;1;4;459.0;1482.7;5088.0;1968;20.0;4;4;48.1;48.1;6;2;57.155;24.857778;2024;3
160000.0;584.18;1;2;882.3;1125.0;3610.0;2005;0.0;1;2;243.5;215.5;16;8;57.155;24.857778;2024;3
12100.0;177.98;2;2;190.2;416.9;1483.0;1975;30.0;1;1;35.4;35.4;5;1;56.858611;24.349722;2024;3
10780.0;141.27;2;2;190.2;416.9;1483.0;1975;30.0;1;1;28.1;28.1;5;1;56.858611;24.349722;2024;3
10900.0;42.45;1;3;734.7;2314.2;7782.0;1980;29.0;1;1;26.6;24.0;6;1;57.155;24.857778;2024;3
70000.0;33.08;1;5;875.5;3356.8;12551.0;1978;15.0;4;4;57.8;52.6;7;2;56.836667;24.496111;2024;3
182600.0;184.45;2;5;1044.8;4309.1;13652.0;2023;0.0;2;2;79.5;71.0;6;3;56.900833;24.047778;2024;3
96000.0;79.44;4;3;1133.7;2867.9;9063.0;2008;14.0;1;1;61.1;61.1;5;2;56.875;24.119167;2024;3
133000.0;141.38;1;5;1885.9;9366.6;35631.0;2008;14.0;1;1;102.3;85.8;8;4;57.076944;24.323611;2024;3
51000.0;66.33;1;5;1194.4;5092.7;16409.0;1968;30.0;4;4;61.8;58.8;9;4;56.787222;23.941944;2024;3
30000.0;60.67;1;3;997.1;3102.9;10403.0;1987;17.0;3;3;34.4;31.5;7;1;56.744444;24.721389;2024;3
42000.0;35.83;1;5;1272.6;5556.9;21438.0;1972;30.0;4;4;52.0;44.8;7;2;56.787222;23.941944;2024;3
95050.0;67.56;2;4;886.1;3623.9;12164.0;2022;0.0;4;4;45.6;41.8;4;2;57.076944;24.323611;2024;3
75000.0;92.84;1;5;1680.8;6795.1;22364.0;1988;25.0;3;3;65.8;59.2;8;3;57.076944;24.323611;2024;3
35000.0;53.08;1;5;753.7;3519.2;12091.0;1993;26.0;5;5;41.8;34.6;8;1;56.875;24.119167;2024;3
30000.0;35.97;1;5;772.3;2819.5;10775.0;1988;0.0;3;3;53.3;51.7;7;2;56.836667;24.496111;2024;3
70000.0;53.72;1;10;928.4;7620.9;24335.0;1978;30.0;9;9;61.9;59.2;9;3;56.787222;23.941944;2024;3
30000.0;225.9;2;2;238.1;349.9;1379.0;1954;55.0;2;2;36.5;36.5;4;2;57.261944;24.415833;2024;3
42000.0;39.37;1;6;553.5;2948.7;10238.0;2007;12.0;1;1;54.5;50.2;4;2;56.858611;24.349722;2024;3
23000.0;27.47;1;5;768.3;3542.1;12310.0;1965;15.0;1;1;28.9;28.9;4;1;56.787222;23.941944;2024;3
33000.0;190.26;3;3;232.2;368.6;1346.0;1900;35.0;2;2;53.7;53.7;6;3;57.261944;24.415833;2024;3
85000.0;65.66;2;3;678.0;2037.2;7116.0;1979;20.0;1;1;67.7;60.5;8;3;57.155;24.857778;2024;3
74000.0;82.47;1;5;1369.8;6103.0;20989.0;1983;16.0;3;3;53.0;49.5;8;2;57.076944;24.323611;2024;3
223000.0;635.68;1;2;512.3;632.9;1738.0;2018;0.0;1;2;209.0;145.8;13;5;56.900833;24.047778;2024;2
69500.0;61.93;1;5;711.7;3413.9;11504.0;1965;14.0;5;5;57.5;54.7;7;3;56.787222;23.941944;2024;3
94500.0;64.38;1;4;340.4;1318.2;4945.0;2007;13.0;2;2;66.8;62.4;4;2;56.858611;24.349722;2024;3
70000.0;109.06;1;5;1828.0;8414.5;28692.0;1990;30.0;4;4;69.9;62.8;10;3;56.858611;24.349722;2024;3
157000.0;85.98;1;5;1164.0;5797.6;19388.0;2006;14.0;3;3;110.6;93.7;7;3;57.155;24.857778;2024;3
128000.0;112.91;1;5;1885.9;9366.6;35631.0;2008;14.0;3;3;82.0;78.8;5;3;57.076944;24.323611;2024;3
20000.0;21.4;1;5;621.9;2572.8;8534.0;1966;25.0;2;2;34.8;34.8;6;2;56.832222;24.226667;2024;3
64000.0;93.42;1;5;1540.0;7274.9;21726.0;1969;20.0;2;2;58.6;55.9;6;3;56.858611;24.349722;2024;3
39000.0;113.86;1;3;591.6;1680.4;6131.0;1973;30.0;2;2;59.5;52.9;9;2;56.900833;24.047778;2024;3
103000.0;88.0;1;4;1883.6;7858.3;30282.0;2007;12.0;1;1;56.8;53.4;5;2;57.076944;24.323611;2024;3
130000.0;97.82;1;4;596.8;2270.9;7922.0;2007;15.0;3;4;167.5;162.0;9;6;56.858611;24.349722;2024;3
160000.0;64.11;3;6;1563.7;5958.7;19292.0;2008;12.0;4;4;87.4;80.8;7;3;56.900833;24.047778;2024;3
24000.0;36.59;1;5;1242.0;6058.9;19928.0;1972;25.0;5;5;34.2;34.2;4;1;56.858611;24.349722;2024;3
43000.0;59.08;1;5;1078.3;4847.2;17055.0;1966;30.0;3;3;50.2;47.2;7;2;56.787222;23.941944;2024;3
42000.0;56.82;1;3;460.3;891.5;3489.0;1940;5.0;2;2;49.3;49.3;5;2;56.787222;23.941944;2024;3
75000.0;74.67;1;4;1883.6;7858.3;30282.0;2007;12.0;2;2;48.2;44.8;5;2;57.076944;24.323611;2024;3
220000.0;67.75;7;5;1129.9;5316.5;17431.0;2020;0.0;4;4;86.8;73.7;7;3;56.900833;24.047778;2024;3
13000.0;70.06;1;5;865.3;4326.0;13928.0;1980;30.0;1;1;42.2;34.7;8;1;56.858611;24.349722;2024;3
90000.0;59.56;1;4;545.6;1864.4;6645.0;2022;0.0;2;2;43.5;40.2;4;2;56.875;24.119167;2024;3
195000.0;181.96;1;3;312.2;733.4;2755.0;2023;0.0;3;3;83.7;79.6;9;4;56.900833;24.047778;2024;3
40000.0;84.78;1;5;923.5;4095.0;13605.0;1995;24.0;1;1;54.1;51.3;8;2;56.858611;24.349722;2024;3
30000.0;83.17;1;4;655.3;2505.4;8496.0;1977;18.0;2;2;53.5;51.6;8;2;56.723056;24.805833;2024;3
35000.0;40.68;1;5;1315.1;5955.7;21300.0;1972;30.0;3;3;52.4;45.2;8;2;56.787222;23.941944;2024;3
39500.0;54.63;1;5;1176.0;5442.7;16585.0;1975;20.0;5;5;46.9;44.2;7;2;56.858611;24.349722;2024;3
200000.0;202.87;1;3;310.5;734.8;2775.0;2020;0.0;2;2;84.0;80.1;9;4;56.900833;24.047778;2024;3
19000.0;140.8;2;2;263.6;462.3;1812.0;1958;45.0;2;2;31.3;31.3;4;1;56.7425;24.394167;2024;3
33000.0;180.34;3;3;232.2;368.6;1346.0;1900;35.0;1;1;50.9;50.9;4;2;57.261944;24.415833;2024;3
10000.0;21.14;1;4;990.6;3223.3;11842.0;1987;10.0;2;2;33.8;33.8;5;1;56.723056;24.805833;2024;3
67000.0;64.16;2;4;441.4;1689.4;5706.0;1979;20.0;4;4;66.4;59.2;8;3;57.155;24.857778;2024;3
45300.0;135.23;2;3;718.0;2497.9;13637.0;1985;28.0;3;3;70.2;59.0;6;3;57.076944;24.323611;2024;3
25000.0;82.22;1;3;272.6;751.2;2947.0;1953;40.0;1;1;52.1;52.1;7;3;56.875;24.119167;2024;3
14840.0;25.12;1;6;596.5;3217.4;10640.0;1966;30.0;4;4;30.8;29.0;5;1;56.787222;23.941944;2024;3
150000.0;116.75;1;5;1663.9;8222.4;30104.0;2005;0.0;3;3;98.4;90.1;9;3;56.900833;24.047778;2024;3
48000.0;162.75;1;3;502.2;1442.1;4386.0;1971;25.0;3;3;55.8;55.8;8;2;56.832222;24.226667;2024;3
67500.0;69.53;1;10;382.4;3458.2;11498.0;1994;26.0;6;6;94.7;84.3;15;4;56.858611;24.349722;2024;3
41000.0;49.26;1;9;364.7;2679.1;9729.0;1971;46.0;4;4;33.6;31.2;6;1;56.858611;24.349722;2024;3
28500.0;28.26;1;5;1262.4;5921.7;19863.0;1972;30.0;5;5;51.4;44.9;7;2;56.787222;23.941944;2024;3
87000.0;64.77;1;4;545.6;1864.4;6645.0;2022;0.0;3;3;47.3;37.1;4;2;56.875;24.119167;2024;3
190300.0;193.5;2;5;1044.8;4309.1;13652.0;2023;0.0;1;1;83.4;70.7;6;3;56.900833;24.047778;2024;3
81000.0;39.37;1;6;553.5;2948.7;10238.0;2007;12.0;1;1;54.5;50.2;4;2;56.858611;24.349722;2024;3
85000.0;127.79;1;5;955.5;4118.7;13367.0;1984;22.0;2;2;74.3;61.7;10;3;57.155;24.857778;2024;3
22200.0;34.15;1;6;799.9;3976.1;12667.0;1973;20.0;1;1;33.0;33.0;5;1;56.787222;23.941944;2024;3
43000.0;48.11;1;5;729.4;3480.4;11555.0;1970;30.0;1;1;56.2;56.2;8;3;56.832222;24.226667;2024;3
18000.0;36.37;1;5;1242.0;6058.9;19928.0;1972;25.0;5;5;34.0;34.0;4;1;56.858611;24.349722;2024;3
90000.0;47.36;1;4;596.8;2270.9;7922.0;2007;15.0;2;2;81.1;75.6;6;3;56.858611;24.349722;2024;3
200000.0;182.61;1;3;312.2;733.4;2755.0;2023;0.0;2;2;84.0;79.9;9;4;56.900833;24.047778;2024;3
54000.0;114.68;1;4;620.8;2048.9;7358.0;1987;20.0;4;4;54.7;47.5;7;2;57.076944;24.323611;2024;3
48500.0;32.37;1;5;671.4;3022.4;10375.0;1986;25.0;5;5;45.1;45.1;6;2;56.875;24.119167;2024;3
100000.0;69.19;1;5;1164.0;5797.6;19388.0;2006;14.0;2;2;89.0;82.0;7;3;57.155;24.857778;2024;3
37000.0;89.19;1;5;1828.0;8414.5;28692.0;1990;30.0;3;3;55.9;52.7;9;2;56.858611;24.349722;2024;3
42000.0;45.33;1;5;1318.0;6040.4;21023.0;1974;30.0;3;3;34.7;34.7;4;1;56.858611;24.349722;2024;3
54000.0;89.35;1;3;833.1;2643.4;9763.0;2008;13.0;1;1;35.6;35.6;2;1;57.155;24.857778;2024;3
159000.0;128.93;1;5;1797.0;8629.0;31543.0;2006;14.0;1;1;105.5;91.5;8;4;57.076944;24.323611;2024;3
85000.0;70.21;1;5;1915.7;9365.5;36030.0;2008;13.0;5;5;56.5;53.3;5;3;57.076944;24.323611;2024;3
25000.0;32.41;1;9;968.0;7451.8;25134.0;1986;10.0;1;1;32.0;32.0;5;1;56.858611;24.349722;2024;3
14500.0;42.34;1;5;932.1;4522.5;14945.0;1975;30.0;2;2;17.6;17.6;4;1;56.858611;24.349722;2024;3
22500.0;44.93;1;5;1540.0;7274.9;21726.0;1969;20.0;2;2;31.0;28.3;5;1;56.858611;24.349722;2024;3
94000.0;77.81;1;5;1885.9;9367.3;35631.0;2008;13.0;4;4;56.3;53.0;5;3;57.076944;24.323611;2024;3
90250.0;62.44;1;4;545.6;1864.4;6645.0;2022;0.0;3;3;45.6;36.1;4;2;56.875;24.119167;2024;3
10000.0;77.04;1;5;1680.8;6795.1;22364.0;1988;25.0;1;1;54.2;47.6;7;2;57.076944;24.323611;2024;3
64000.0;103.17;1;3;622.3;1642.9;5304.0;1988;5.0;1;1;55.9;49.5;7;2;56.836667;24.496111;2024;3
17500.0;42.68;1;5;823.9;3836.5;12668.0;1978;25.0;2;2;43.4;36.2;6;2;57.076944;24.323611;2024;3
104900.0;29.82;1;5;791.2;3729.3;11981.0;2008;0.0;5;5;57.9;48.9;4;2;56.875;24.119167;2024;3
57500.0;120.38;1;3;560.7;1843.6;5837.0;1970;10.0;2;2;60.8;54.0;8;2;56.858611;24.349722;2024;3
8000.0;724.42;1;2;180.7;384.9;1545.0;1976;15.0;2;2;64.2;64.2;8;4;57.155;24.857778;2024;3
8000.0;730.06;1;2;180.7;384.9;1545.0;1976;15.0;1;1;64.7;64.7;8;3;57.155;24.857778;2024;3
46500.0;32.95;1;5;729.4;3480.4;11555.0;1970;30.0;2;2;38.5;35.4;8;2;56.832222;24.226667;2024;3
50000.0;38.8;1;5;1680.8;6795.1;22364.0;1988;25.0;4;4;55.0;48.5;6;2;57.076944;24.323611;2024;2
66500.0;54.53;1;10;928.4;7620.9;24335.0;1978;30.0;1;1;62.9;60.2;9;3;56.787222;23.941944;2024;3
8000.0;600.29;1;2;180.7;384.9;1545.0;1976;15.0;1;1;53.2;53.2;7;2;57.155;24.857778;2024;3
145000.0;112.85;1;4;364.7;965.5;4220.0;2021;0.0;2;2;69.2;64.7;6;3;56.900833;24.047778;2024;3
58000.0;137.8;2;2;330.4;501.0;2148.0;1957;30.0;1;1;51.5;51.5;5;2;57.155;24.857778;2024;1
149050.0;92.97;1;4;545.6;1864.4;6645.0;2022;0.0;2;2;67.9;65.8;6;3;56.875;24.119167;2024;3
42000.0;30.37;1;10;597.8;5209.6;17383.0;1981;30.0;8;8;33.0;30.5;7;1;56.858611;24.349722;2024;3
50000.0;71.62;1;5;753.7;3519.2;12091.0;1993;26.0;3;3;56.4;49.2;8;2;56.875;24.119167;2024;3
39000.0;143.15;1;3;250.1;761.5;2626.0;1961;30.0;1;1;48.3;48.3;5;2;56.875;24.119167;2024;3
44000.0;65.42;1;5;1635.5;7338.8;24205.0;1988;25.0;4;4;55.2;52.3;7;2;56.858611;24.349722;2024;3
50000.0;81.73;3;5;476.2;2035.5;7200.0;1986;15.0;2;2;46.3;46.3;4;2;56.832222;24.226667;2024;3
94350.0;76.16;2;4;886.1;3623.9;12164.0;2022;0.0;3;3;51.4;47.6;4;2;57.076944;24.323611;2024;3
55000.0;49.73;1;5;623.6;3004.5;9952.0;2006;0.0;4;4;52.9;47.0;6;2;56.787222;23.941944;2024;3
30000.0;48.63;1;5;524.7;2576.3;8815.0;1971;25.0;2;2;49.2;46.2;7;2;56.875;24.119167;2024;3
42000.0;173.88;1;3;382.9;1158.5;3957.0;1970;25.0;1;1;56.9;56.9;8;3;56.723056;24.805833;2024;3
204000.0;198.6;2;5;1066.7;4384.6;13138.0;2022;0.0;1;1;87.2;71.5;6;3;56.900833;24.047778;2024;3
50000.0;75.38;1;5;712.3;3611.6;10819.0;1977;20.0;1;1;44.2;44.2;6;2;56.858611;24.349722;2024;3
198000.0;182.39;1;3;312.2;733.4;2755.0;2023;0.0;2;2;83.9;79.8;9;4;56.900833;24.047778;2024;3
142000.0;270.45;1;3;200.6;478.6;1667.0;2024;0.0;1;1;70.7;70.7;4;3;57.155;24.857778;2024;3
35000.0;56.96;1;5;864.7;4341.3;13928.0;1979;30.0;3;3;42.0;34.6;7;1;56.858611;24.349722;2024;3
10000.0;108.31;2;1;717.9;548.3;2472.0;1947;55.0;1;1;26.9;26.9;2;1;56.744444;24.721389;2022;3
120000.0;217.91;1;4;299.8;1196.9;3736.0;2013;0.0;1;1;73.3;65.3;6;3;57.155;24.857778;2024;3
46200.0;28.87;1;5;935.3;4588.6;15787.0;2007;14.0;4;4;41.1;35.3;4;1;56.858611;24.349722;2024;3
40000.0;43.51;1;6;551.1;2692.9;8702.0;1969;20.0;3;3;49.2;46.4;7;2;56.787222;23.941944;2024;3
49000.0;26.55;1;5;1414.6;6872.9;19804.0;1970;15.0;5;5;50.6;47.6;9;2;56.832222;24.226667;2024;3
70000.0;142.38;1;4;630.0;2130.0;7185.0;1985;15.0;4;4;48.7;41.3;6;1;57.261944;24.415833;2024;3
135000.0;97.86;1;4;565.9;2515.6;7575.0;2010;0.0;3;3;74.2;66.0;5;2;57.155;24.857778;2024;3
26500.0;106.29;3;3;232.2;368.6;1346.0;1900;35.0;2;2;30.0;30.0;3;2;57.261944;24.415833;2024;3
46000.0;120.95;1;3;304.4;683.0;2532.0;1962;35.0;1;1;48.2;48.2;5;2;57.155;24.857778;2024;3
20000.0;117.8;1;3;452.6;1325.0;4470.0;1971;30.0;2;2;51.2;47.2;10;2;57.155;24.857778;2024;3
65500.0;93.4;1;3;865.8;2613.6;8839.0;1978;20.0;1;1;54.4;51.1;7;2;57.155;24.857778;2024;3
43000.0;77.77;1;3;1355.0;2932.8;10354.0;1975;30.0;1;1;43.2;35.9;6;1;56.875;24.119167;2024;3
105000.0;60.83;1;6;594.9;3608.1;12092.0;2007;0.0;3;3;77.7;70.7;6;2;56.832222;24.226667;2024;3
26500.0;36.46;1;6;799.9;3976.1;12667.0;1973;20.0;4;4;37.2;34.4;6;1;56.787222;23.941944;2024;3
75000.0;115.12;1;3;865.8;2613.6;8839.0;1978;20.0;2;2;68.5;61.5;8;3;57.155;24.857778;2024;3
88025.0;74.53;2;4;886.1;3623.9;12164.0;2022;0.0;1;1;50.3;46.5;4;2;57.076944;24.323611;2024;3
75000.0;127.68;1;5;967.6;3959.9;9070.0;1991;26.0;2;2;66.9;60.3;8;3;57.076944;24.323611;2024;3
65000.0;93.79;1;5;385.2;1766.5;6305.0;1990;5.0;2;2;64.7;64.7;5;3;56.858611;24.349722;2024;3
35000.0;31.17;1;5;865.3;4052.3;14076.0;1980;5.0;2;2;54.9;51.8;7;2;56.787222;23.941944;2024;3
59000.0;58.14;1;5;800.3;3526.0;12694.0;1985;23.0;4;4;78.6;75.4;8;3;56.875;24.119167;2024;3
73000.0;129.21;1;5;967.6;3959.9;9070.0;1991;26.0;2;2;67.7;61.2;8;3;57.076944;24.323611;2024;3
23500.0;46.81;1;5;1446.0;7202.5;22541.0;1975;32.0;2;2;31.6;28.8;6;1;56.858611;24.349722;2024;3
25000.0;67.29;1;5;1242.0;6058.9;19928.0;1972;25.0;1;1;66.5;59.4;8;3;56.858611;24.349722;2024;3
20000.0;45.84;1;5;753.7;3519.2;12091.0;1993;26.0;1;1;36.1;28.8;8;1;56.875;24.119167;2024;3
50000.0;67.69;1;5;817.2;3402.1;11306.0;1965;28.0;4;4;60.1;57.2;9;3;57.076944;24.323611;2024;3
18485.0;26.33;1;5;682.9;2890.0;10756.0;1969;16.0;2;2;30.5;28.9;5;1;56.787222;23.941944;2024;3
26000.0;90.0;1;2;555.2;840.3;3733.0;1953;31.0;1;1;39.3;39.3;6;2;56.875;24.119167;2024;3
69900.0;76.35;1;3;877.6;2269.6;8014.0;1975;27.0;3;3;58.6;55.0;9;2;56.836667;24.496111;2024;3
22000.0;45.09;1;5;1540.0;7274.9;21726.0;1969;20.0;5;5;31.1;28.4;5;1;56.858611;24.349722;2024;3
29000.0;28.26;1;4;1150.3;3726.2;13685.0;1984;28.0;3;3;37.5;37.5;4;1;56.836667;24.496111;2024;3
27000.0;28.61;1;6;1096.9;5558.8;17369.0;1970;31.0;1;1;26.6;26.6;4;1;56.787222;23.941944;2024;3
29000.0;150.22;3;3;232.2;368.6;1346.0;1900;35.0;1;1;42.4;42.4;5;2;57.261944;24.415833;2024;3
10500.0;23.05;1;5;811.4;3666.3;11214.0;1970;30.0;1;1;29.4;29.4;4;1;57.0925;24.546389;2024;4
54000.0;90.73;1;5;846.3;3502.3;11409.0;2006;14.0;5;5;59.4;57.0;7;3;56.723056;24.805833;2024;3
130000.0;94.98;1;5;1651.0;8310.0;31433.0;2006;0.0;4;4;79.8;76.5;6;3;57.076944;24.323611;2024;3
29000.0;48.18;1;5;1344.0;7230.9;22037.0;1980;17.0;5;5;31.6;29.0;5;1;56.858611;24.349722;2024;3
16200.0;134.72;1;3;471.4;997.4;3489.0;1980;30.0;3;3;48.6;47.0;8;2;56.723056;24.805833;2024;3
15000.0;63.36;1;3;434.5;1260.0;4631.0;1965;35.0;2;2;28.9;28.9;4;1;57.155;24.857778;2024;3
36000.0;48.62;1;5;811.4;3666.3;11214.0;1970;30.0;3;3;62.2;59.4;8;3;57.0925;24.546389;2024;3
33900.0;70.04;1;5;865.3;4326.0;13928.0;1980;30.0;4;4;42.2;34.7;8;1;56.858611;24.349722;2024;3
32000.0;28.35;1;5;1076.2;5172.6;17084.0;1970;18.0;1;1;48.1;48.1;6;2;56.832222;24.226667;2024;3
14500.0;43.31;1;5;932.1;4522.5;14945.0;1975;30.0;4;4;18.0;18.0;4;1;56.858611;24.349722;2024;3
47000.0;119.95;1;5;1615.2;6758.2;22497.0;1982;28.0;4;4;69.8;62.8;8;3;56.858611;24.349722;2024;4
34500.0;87.59;1;5;807.8;3402.0;11370.0;1969;30.0;1;1;44.5;44.5;6;3;56.858611;24.349722;2024;4
38000.0;114.13;1;3;415.4;1410.2;4333.0;1972;20.0;1;1;39.0;39.0;4;1;56.858611;24.349722;2024;4
160875.0;100.78;1;4;545.6;1864.4;6645.0;2022;0.0;4;4;73.6;71.4;6;3;56.875;24.119167;2024;3
75000.0;118.62;1;3;391.3;1120.5;4118.0;1968;40.0;1;1;57.6;57.6;7;3;57.261944;24.415833;2024;4
144500.0;262.98;1;5;640.2;2946.0;10371.0;1993;24.0;4;5;142.9;139.9;14;5;57.155;24.857778;2024;4
15000.0;25.33;1;5;811.4;3666.3;11214.0;1970;30.0;5;5;32.3;29.5;5;1;57.0925;24.546389;2024;4
148800.0;154.52;1;4;367.5;1525.7;4751.0;2022;0.0;4;4;73.8;67.8;5;3;57.155;24.857778;2024;3
48000.0;383.17;2;2;233.2;325.4;1401.0;1948;40.0;2;2;79.1;79.1;8;2;56.744444;24.721389;2024;4
85000.0;104.94;1;4;961.9;3644.0;12726.0;1980;28.0;4;4;74.8;67.6;7;3;57.076944;24.323611;2024;3
45000.0;100.47;4;3;1133.7;2867.9;9063.0;2008;14.0;2;2;77.4;67.9;7;2;56.875;24.119167;2024;4
89500.0;61.8;1;5;2396.9;9684.6;33228.0;2007;13.0;1;1;58.4;54.5;4;2;57.261944;24.415833;2024;4
75600.0;64.73;1;4;626.6;2461.8;7500.0;1971;27.0;2;2;51.7;45.7;7;2;57.155;24.857778;2024;4
18000.0;15.72;1;9;520.3;3676.2;14214.0;1966;30.0;9;9;30.7;30.7;4;1;56.787222;23.941944;2024;4
114000.0;97.57;1;3;760.9;2452.9;8826.0;2009;11.0;1;1;69.8;69.8;6;2;57.155;24.857778;2024;4
53000.0;68.29;1;5;1078.3;4843.2;17055.0;1966;30.0;2;2;53.8;50.8;8;3;56.787222;23.941944;2024;4
42500.0;62.59;1;4;522.2;1670.8;6959.0;1964;15.0;4;4;46.8;46.8;4;3;56.787222;23.941944;2024;4
54000.0;31.96;1;10;606.0;5234.6;17462.0;1979;39.0;4;4;50.3;47.8;9;2;56.858611;24.349722;2024;4
60000.0;37.39;1;5;944.1;4114.9;14153.0;1977;20.0;4;4;55.6;52.4;8;2;56.832222;24.226667;2024;4
96960.0;59.84;1;4;545.6;1864.4;6645.0;2022;0.0;2;2;43.7;40.4;4;2;56.875;24.119167;2024;4
13000.0;39.71;1;5;1009.0;4845.5;16187.0;1994;5.0;4;4;39.4;39.4;4;1;57.0925;24.546389;2024;4
313500.0;801.88;1;2;1472.9;1923.6;6741.0;2022;0.0;1;2;202.4;180.6;12;4;56.900833;24.047778;2023;4
30000.0;60.54;1;5;1156.0;5492.4;16758.0;1973;30.0;3;3;45.8;43.0;7;2;56.858611;24.349722;2024;4
80000.0;83.59;1;6;1019.7;4632.4;13783.0;1988;25.0;1;1;79.2;76.2;8;3;56.875;24.119167;2024;4
105000.0;66.3;1;5;1651.0;8310.0;31433.0;2006;0.0;1;1;55.7;55.7;4;3;57.076944;24.323611;2024;4
63000.0;39.37;1;6;553.5;2948.8;10238.0;2007;12.0;1;1;54.5;50.2;4;2;56.858611;24.349722;2024;4
42000.0;124.32;1;5;814.0;3475.4;11533.0;1969;31.0;4;4;63.1;59.7;8;3;56.858611;24.349722;2024;4
68500.0;62.0;1;3;521.4;1136.1;4168.0;1997;0.0;2;2;46.9;44.3;6;2;57.155;24.857778;2024;4
35000.0;153.49;1;5;220.7;980.6;3567.0;1985;25.0;3;3;55.5;52.3;7;2;56.875;24.119167;2024;4
64000.0;42.88;1;5;593.6;2686.8;9875.0;1964;30.0;4;4;54.2;52.5;8;3;56.787222;23.941944;2024;4
45000.0;56.82;1;3;460.3;891.5;3489.0;1940;5.0;2;2;49.3;49.3;5;2;56.787222;23.941944;2024;4
30000.0;27.59;1;5;601.9;2846.7;9815.0;1964;25.0;3;3;42.0;40.1;7;2;56.787222;23.941944;2024;4
67000.0;284.32;1;3;1154.8;3954.8;11981.0;1980;25.0;3;3;62.1;54.6;9;2;56.858611;24.349722;2024;4
25500.0;47.05;1;3;319.1;841.2;3234.0;1974;25.0;1;1;23.2;23.2;6;1;57.155;24.857778;2024;4
25777.18;79.1;1;5;1615.2;6758.2;22497.0;1982;28.0;5;5;43.8;43.8;6;2;56.858611;24.349722;2024;4
7000.0;50.88;1;3;378.6;906.6;3123.0;1965;30.0;3;3;17.7;17.7;4;1;56.858611;24.349722;2024;4
37000.0;57.73;1;5;1471.0;7276.5;23664.0;1971;15.0;3;3;45.4;45.4;6;2;56.858611;24.349722;2024;4
124000.0;96.95;1;5;1639.1;7453.6;20640.0;2004;19.0;1;1;66.7;66.7;4;2;56.900833;24.047778;2024;4
230425.0;168.3;1;4;364.7;965.5;4220.0;2021;0.0;1;1;103.2;93.6;8;4;56.900833;24.047778;2024;4
45000.0;18.77;1;9;901.0;6803.8;23862.0;1979;17.0;9;9;50.6;50.6;4;2;56.858611;24.349722;2024;4
50200.0;47.21;1;5;877.7;3753.4;13728.0;2004;0.0;3;3;34.8;34.8;2;1;56.875;24.119167;2024;4
93000.0;91.47;1;4;620.4;2027.1;6888.0;2007;0.0;4;4;57.0;53.2;6;2;56.900833;24.047778;2024;4
20000.0;35.74;1;6;596.5;3217.4;10640.0;1966;30.0;3;3;43.4;41.6;6;2;56.787222;23.941944;2024;4
135000.0;251.62;1;4;367.9;1524.8;4775.0;2016;0.0;4;4;71.4;64.4;5;3;57.155;24.857778;2024;3
300590.85;806.63;1;2;1472.9;1923.6;6741.0;2022;0.0;1;2;203.6;180.4;13;4;56.900833;24.047778;2024;4
38000.0;76.09;1;9;364.7;2679.1;9729.0;1971;46.0;2;2;51.9;45.7;10;2;56.858611;24.349722;2024;4
201000.0;61.35;7;5;636.9;3016.1;9875.0;2020;3.0;4;4;78.6;67.8;6;3;56.900833;24.047778;2024;4
19000.0;48.42;1;5;807.8;3402.0;11370.0;1969;30.0;1;1;25.0;25.0;6;1;56.858611;24.349722;2024;4
47000.0;23.43;1;6;920.3;4636.2;14391.0;1977;15.0;2;4;45.9;45.9;6;2;56.832222;24.226667;2024;4
5500.0;289.28;2;2;139.9;178.6;780.0;1935;40.0;2;2;25.9;25.9;2;1;56.723056;24.805833;2024;4
25000.0;68.09;1;5;814.2;3949.6;15570.0;1981;25.0;3;3;33.1;33.1;5;1;56.858611;24.349722;2024;4
7200.0;42.58;1;5;932.1;4522.5;14945.0;1975;30.0;5;5;17.7;17.7;4;1;56.858611;24.349722;2024;4
6000.0;85.94;2;3;278.4;745.6;2838.0;1960;27.0;2;2;41.4;41.4;7;2;57.155;24.857778;2024;4
118500.0;107.94;1;6;807.0;3441.1;10354.0;1987;23.0;3;3;90.9;83.9;8;4;56.875;24.119167;2024;4
29500.0;16.91;1;5;730.0;3472.2;11525.0;1970;26.0;2;2;25.0;25.0;3;1;56.832222;24.226667;2024;4
84200.0;127.15;1;5;695.2;3187.6;11037.0;1982;28.0;2;2;91.3;80.9;12;4;56.858611;24.349722;2024;4
14000.0;603.08;2;2;330.0;410.3;1773.0;1975;30.0;2;2;45.7;45.7;7;2;56.723056;24.805833;2024;4
130000.0;346.52;1;3;294.1;606.1;2058.0;2019;0.0;1;1;112.8;95.0;9;5;56.836667;24.496111;2024;4
96000.0;75.86;2;4;886.1;3623.9;12164.0;2022;0.0;1;1;51.2;47.4;4;2;57.076944;24.323611;2024;4
45000.0;41.84;1;5;547.0;2911.1;8768.0;2007;19.0;4;4;56.3;46.3;6;2;56.858611;24.349722;2024;4
159075.0;113.1;1;4;545.6;1864.4;6645.0;2022;0.0;3;3;82.6;70.7;6;3;56.875;24.119167;2024;4
82000.0;168.81;1;6;687.8;3375.6;11028.0;1992;27.0;2;2;76.3;70.0;9;3;56.858611;24.349722;2024;4
140000.0;101.05;1;5;2396.9;9684.6;33228.0;2007;13.0;1;1;95.5;81.0;7;3;57.261944;24.415833;2024;4
159975.0;121.98;1;4;2418.4;9100.8;32944.0;2020;0.0;4;4;66.4;62.8;5;3;56.900833;24.047778;2024;4
26500.0;38.08;1;9;954.9;7700.3;25002.0;1991;27.0;2;2;51.6;47.8;7;2;56.858611;24.349722;2024;4
97000.0;187.86;1;3;545.7;1811.7;5861.0;1974;27.0;3;3;74.5;67.7;6;4;56.858611;24.349722;2024;4
160000.0;158.69;1;3;542.5;1350.2;4774.0;2009;6.0;1;1;87.0;80.6;7;4;56.858611;24.349722;2024;4
24000.0;47.46;1;5;593.4;2882.4;9493.0;1971;30.0;1;1;40.5;40.5;5;2;56.875;24.119167;2024;4
15000.0;53.51;1;5;1009.0;4845.5;16187.0;1994;5.0;5;5;54.0;50.9;7;2;57.0925;24.546389;2024;4
105000.0;83.48;1;6;1019.7;4632.4;13783.0;1988;25.0;2;2;79.3;76.0;7;3;56.875;24.119167;2024;4
25000.0;48.41;1;5;1194.4;5092.7;16409.0;1968;30.0;1;1;43.6;43.6;6;2;56.787222;23.941944;2024;4
47000.0;203.58;1;2;267.5;614.1;2474.0;1953;40.0;1;1;42.4;42.4;6;2;56.875;24.119167;2024;4
65000.0;73.27;1;5;1411.3;6074.1;20223.0;1977;25.0;4;4;54.9;51.7;7;2;57.155;24.857778;2024;4
67740.0;45.05;1;4;860.5;3426.8;11343.0;1979;30.0;4;4;68.6;61.1;8;3;56.832222;24.226667;2024;4
83000.0;72.54;1;10;597.8;5209.6;17383.0;1981;30.0;5;5;76.9;71.5;12;4;56.858611;24.349722;2024;4
34000.0;932.97;2;2;106.5;166.0;633.0;1974;40.0;2;2;42.7;42.7;6;2;56.836667;24.496111;2024;4
138000.0;143.78;1;4;1282.9;4964.8;17246.0;1974;30.0;3;3;97.0;94.4;9;4;57.155;24.857778;2024;4
147000.0;237.95;1;3;200.8;477.3;1160.0;2024;0.0;2;2;74.5;70.6;5;3;57.155;24.857778;2024;4
6750.0;24.87;1;5;1210.3;5164.7;17044.0;1975;10.0;1;1;44.1;44.1;7;2;56.787222;23.941944;2024;4
60000.0;33.96;1;6;920.3;4636.2;14391.0;1977;15.0;1;1;70.3;63.0;8;3;56.832222;24.226667;2024;4
146000.0;43.46;1;6;863.8;6048.2;17967.0;2006;14.0;3;3;91.6;72.3;7;3;56.875;24.119167;2024;4
5000.0;745.04;3;2;140.8;226.4;796.0;1930;40.0;2;2;67.7;67.7;5;3;56.832222;24.226667;2024;4
97000.0;81.71;1;5;1663.9;8222.4;30104.0;2005;0.0;1;1;65.4;61.9;6;3;56.900833;24.047778;2024;4
44500.0;51.94;1;5;642.7;3176.1;10315.0;1992;0.0;5;5;70.6;62.6;8;3;57.0925;24.546389;2024;4
114000.0;121.34;1;4;311.2;1072.2;2917.0;2008;6.0;2;2;73.7;65.3;6;2;56.875;24.119167;2024;4
45000.0;41.52;4;3;792.8;1994.7;6925.0;2007;0.0;1;1;31.9;31.9;3;1;56.875;24.119167;2024;4
41000.0;20.16;1;5;1076.2;5172.6;17084.0;1970;18.0;3;3;36.4;33.2;7;2;56.832222;24.226667;2024;4
29420.0;35.99;1;5;1068.7;5121.1;16547.0;1976;15.0;4;4;47.0;44.2;7;2;56.787222;23.941944;2024;4
65000.0;117.98;1;2;303.4;423.5;1993.0;1953;28.0;2;2;39.6;39.6;6;2;56.875;24.119167;2024;4
30000.0;38.66;1;5;1471.0;7276.5;23664.0;1971;15.0;4;4;30.4;30.4;4;1;56.858611;24.349722;2024;4
122000.0;56.97;1;5;451.9;1625.5;5762.0;2006;5.0;4;5;79.4;79.4;6;2;56.836667;24.496111;2024;4
162000.0;116.39;1;4;545.6;1864.4;6645.0;2022;0.0;2;2;85.0;82.5;8;4;56.875;24.119167;2024;4
22000.0;82.72;1;5;797.8;3410.6;11411.0;1968;25.0;3;3;48.7;45.7;7;2;56.858611;24.349722;2024;4
45000.0;27.31;1;9;565.7;3708.8;14178.0;1967;20.0;2;2;48.2;46.0;7;2;56.787222;23.941944;2024;4
15000.0;31.25;1;5;1808.0;8432.0;27314.0;1987;17.0;3;3;54.8;51.2;6;2;56.858611;24.349722;2024;4
23000.0;46.02;1;5;892.4;4406.7;14008.0;1980;30.0;4;4;43.0;35.6;7;1;56.787222;23.941944;2024;4
141500.0;175.32;1;4;1760.2;6453.2;24057.0;2006;12.0;1;1;100.5;85.4;9;4;57.076944;24.323611;2024;4
22000.0;908.13;3;2;205.8;302.5;1067.0;1923;55.0;2;2;49.8;49.8;4;3;57.155;24.857778;2024;4
132900.0;38.42;1;5;791.2;3729.3;11981.0;2008;0.0;1;1;74.6;65.6;6;3;56.875;24.119167;2024;4
32800.0;95.41;1;5;807.8;3427.5;11477.0;1969;30.0;2;2;48.6;45.6;7;2;56.858611;24.349722;2024;4
100000.0;59.07;1;5;547.0;2911.1;8768.0;2007;19.0;2;2;79.5;74.9;9;3;56.858611;24.349722;2024;4
31000.0;39.17;1;5;716.1;3447.6;11563.0;1975;15.0;5;5;65.1;62.3;8;3;56.787222;23.941944;2024;4
22000.0;190.41;1;3;255.6;765.0;2817.0;1960;30.0;3;3;42.3;42.3;5;2;56.723056;24.805833;2024;4
148275.0;93.11;1;4;545.6;1864.4;6645.0;2022;0.0;3;3;68.0;65.9;6;3;56.875;24.119167;2024;4
21000.0;24.31;1;5;1068.7;5121.1;16547.0;1976;15.0;4;4;32.3;29.5;5;1;56.787222;23.941944;2024;4
15500.0;23.49;1;5;593.6;2686.8;9875.0;1964;30.0;1;1;29.2;29.2;4;1;56.787222;23.941944;2024;4
77000.0;56.62;1;9;1324.0;9942.5;34654.0;1978;17.0;6;6;77.7;70.7;11;4;56.858611;24.349722;2024;4
29000.0;58.62;1;2;415.4;651.0;2347.0;1961;35.0;1;1;29.6;29.6;3;1;56.787222;23.941944;2024;4
58000.0;38.14;1;5;873.1;3945.5;13582.0;1983;14.0;1;1;53.2;51.6;7;2;56.836667;24.496111;2024;4
8756.0;37.5;1;5;1020.2;5560.3;16376.0;1967;30.0;3;3;48.1;45.1;7;2;57.0925;24.546389;2024;4
15000.0;39.71;1;5;1009.0;4845.5;16187.0;1994;5.0;4;4;39.4;39.4;4;1;57.0925;24.546389;2024;4
18000.0;27.98;1;4;1359.2;5036.6;17234.0;1980;15.0;3;3;33.6;33.6;5;1;56.832222;24.226667;2024;4
15300.0;142.78;2;2;190.2;416.9;1483.0;1975;30.0;1;1;28.4;28.4;5;1;56.858611;24.349722;2024;3
57000.0;39.88;1;5;1309.2;6424.4;23142.0;2006;14.0;4;4;43.6;40.7;5;1;56.858611;24.349722;2024;4
57300.0;252.21;1;3;294.1;606.1;2058.0;2019;0.0;2;2;82.1;59.7;5;3;56.836667;24.496111;2024;4
21000.0;194.66;1;2;259.8;384.3;1663.0;1950;30.0;1;1;31.0;31.0;5;1;56.858611;24.349722;2024;4
20000.0;38.01;1;9;954.9;7700.3;25002.0;1991;27.0;6;6;51.4;47.8;7;2;56.858611;24.349722;2024;4
31000.0;18.44;1;5;602.7;2856.8;9740.0;1969;20.0;3;3;30.3;28.5;5;1;56.787222;23.941944;2024;4
33800.0;57.46;1;5;709.9;3592.8;10946.0;1977;25.0;5;5;38.6;36.2;7;2;56.787222;23.941944;2024;4
140000.0;87.36;1;5;1309.2;6424.4;23142.0;2006;14.0;4;4;95.5;92.9;7;4;56.858611;24.349722;2024;4
169800.0;60.44;3;6;2480.0;8132.2;25598.0;2011;12.0;4;4;80.7;76.3;7;3;56.900833;24.047778;2024;4
48000.0;99.57;1;3;1504.2;4050.4;14818.0;1987;28.0;2;2;54.2;46.9;6;2;56.744444;24.721389;2024;4
169000.0;232.25;1;3;324.6;749.2;2742.0;2024;0.0;1;1;76.5;62.3;6;3;56.900833;24.047778;2024;4
143600.0;149.08;1;4;367.5;1525.7;4751.0;2022;0.0;4;4;71.2;64.2;5;3;57.155;24.857778;2024;4
59000.0;140.84;1;4;709.4;2658.1;9199.0;1973;15.0;2;2;45.7;45.7;6;2;57.155;24.857778;2024;4
6000.0;7.57;1;5;1076.2;5172.6;17084.0;1970;18.0;1;1;25.6;25.6;5;1;56.832222;24.226667;2024;4
168000.0;212.21;1;3;324.6;749.2;2742.0;2024;0.0;1;1;69.9;65.7;6;3;56.900833;24.047778;2024;4
60000.0;56.65;1;6;1428.7;7179.9;23923.0;1985;28.0;3;3;69.2;61.0;8;3;56.787222;23.941944;2024;4
104000.0;79.57;4;3;1133.7;2884.0;9063.0;2007;13.0;1;1;61.3;61.3;5;2;56.875;24.119167;2024;4
28900.0;38.4;1;5;1471.0;7276.5;23664.0;1971;15.0;4;4;30.1;30.1;5;1;56.858611;24.349722;2024;4
52000.0;97.08;1;5;715.0;3446.3;11133.0;1982;16.0;5;5;63.8;61.1;8;3;56.875;24.119167;2024;4
17000.0;15.57;1;9;520.3;3676.2;14214.0;1966;30.0;3;3;30.4;30.4;4;1;56.787222;23.941944;2024;4
57000.0;66.75;1;6;884.0;4607.5;14395.0;1986;28.0;2;2;51.3;48.7;7;2;56.875;24.119167;2024;3
11000.0;76.74;1;4;709.4;2658.1;9199.0;1973;15.0;4;4;24.9;24.9;5;1;57.155;24.857778;2024;4
200000.0;258.06;1;3;324.6;749.2;2742.0;2024;0.0;3;3;85.0;80.8;9;4;56.900833;24.047778;2024;4
85000.0;114.32;3;5;476.2;2035.5;7200.0;1986;15.0;1;1;67.2;64.0;8;3;56.832222;24.226667;2024;4
215000.0;69.94;7;5;1129.9;5316.5;17431.0;2020;0.0;1;1;89.6;76.4;7;3;56.900833;24.047778;2024;4
161325.0;101.05;1;4;545.6;1864.4;6645.0;2022;0.0;4;4;73.8;71.7;6;3;56.875;24.119167;2024;4
209000.0;255.63;1;3;324.6;749.2;2742.0;2024;0.0;3;3;84.2;80.0;9;4;56.900833;24.047778;2024;4
100750.0;146.4;1;5;527.9;2531.6;8613.0;2005;15.0;5;5;58.0;58.0;7;3;57.076944;24.323611;2024;4
36000.0;37.87;1;5;1266.6;5599.8;19603.0;1975;30.0;3;3;50.9;44.5;7;2;56.787222;23.941944;2024;4
85825.0;70.97;2;4;886.1;3623.9;12164.0;2022;0.0;3;3;47.9;44.2;4;2;57.076944;24.323611;2024;4
60000.0;76.4;1;6;807.0;3441.1;10354.0;1987;23.0;1;1;65.9;62.8;8;3;56.875;24.119167;2024;4
131000.0;38.37;1;5;791.2;3729.3;11981.0;2008;0.0;3;3;74.5;65.5;6;3;56.875;24.119167;2024;4
39800.0;35.91;1;4;920.8;3276.9;11210.0;1977;30.0;2;2;53.3;50.6;6;2;56.723056;24.805833;2024;4
8200.0;42.34;1;5;932.1;4522.5;14945.0;1975;30.0;4;4;17.6;17.6;3;1;56.858611;24.349722;2024;4
3000.0;15.92;1;9;660.3;4777.7;17268.0;1990;5.0;1;1;32.2;32.2;5;1;56.787222;23.941944;2024;4
65000.0;42.72;1;4;1359.2;5036.6;17234.0;1980;15.0;2;2;53.0;49.6;7;2;56.832222;24.226667;2024;4
5000.0;35.43;1;5;1027.0;5308.5;16810.0;1972;30.0;1;1;58.0;58.0;8;3;56.858611;24.349722;2024;4
30500.0;96.48;1;3;509.9;1339.8;4654.0;1971;20.0;1;1;55.6;54.4;8;2;56.744444;24.721389;2024;4
88000.0;77.46;1;5;877.7;3752.8;13728.0;2004;0.0;3;3;57.1;57.1;5;2;56.875;24.119167;2024;4
55000.0;44.41;1;9;1324.0;9942.5;34654.0;1978;17.0;1;1;60.1;56.3;9;3;56.858611;24.349722;2024;4
118000.0;124.41;1;4;1883.6;7857.4;30282.0;2007;12.0;1;1;80.3;80.3;4;3;57.076944;24.323611;2024;4
10000.0;50.31;1;3;378.6;906.6;3123.0;1965;30.0;3;3;17.5;17.5;4;1;56.858611;24.349722;2024;4
146000.0;149.97;1;4;1883.6;7857.4;30282.0;2007;12.0;3;3;94.7;91.3;8;4;57.076944;24.323611;2024;4
128000.0;103.31;1;5;1639.1;7453.1;20640.0;2004;20.0;4;4;71.9;65.5;6;3;56.900833;24.047778;2024;4
4000.0;42.1;1;5;932.1;4522.5;14945.0;1975;30.0;4;4;17.4;17.4;4;1;56.858611;24.349722;2024;4
152550.0;109.68;1;4;545.6;1864.4;6645.0;2022;0.0;3;3;80.1;67.8;6;3;56.875;24.119167;2024;4
27000.0;49.85;1;5;711.7;3413.9;11504.0;1965;14.0;3;3;47.5;44.3;7;2;56.787222;23.941944;2024;4
46000.0;67.75;1;5;1289.7;6018.0;19777.0;1970;51.0;2;2;52.7;45.2;7;2;56.858611;24.349722;2024;4
157475.0;122.16;1;4;2418.4;9100.8;32944.0;2020;0.0;4;4;66.5;62.9;5;3;56.900833;24.047778;2024;4
4000.0;174.13;1;3;632.3;1644.2;5703.0;1984;10.0;2;2;72.5;69.0;10;3;56.744444;24.721389;2024;4
28000.0;82.37;1;5;797.8;3410.6;11411.0;1968;25.0;5;5;48.3;45.3;7;2;56.858611;24.349722;2024;4
100000.0;60.41;1;5;1663.9;8222.4;30104.0;2005;0.0;3;3;51.6;45.7;6;2;56.900833;24.047778;2024;4
4000.0;42.1;1;5;932.1;4522.5;14945.0;1975;30.0;5;5;17.5;17.5;3;1;56.858611;24.349722;2024;4
142400.0;94.34;1;4;545.6;1864.4;6645.0;2022;0.0;1;1;68.9;66.7;6;3;56.875;24.119167;2024;4
280000.0;500.54;1;2;1198.8;1818.8;6298.0;2023;0.0;1;2;162.3;141.8;10;4;56.900833;24.047778;2024;4
147000.0;82.51;1;6;537.3;2912.3;10167.0;2006;15.0;5;6;108.1;92.5;9;2;56.858611;24.349722;2024;4
143600.0;149.08;1;4;367.5;1525.7;4751.0;2022;0.0;1;1;71.2;64.2;5;3;57.155;24.857778;2024;4
47500.0;133.85;1;3;560.2;1486.2;5641.0;1994;0.0;2;2;51.1;47.7;7;2;56.744444;24.721389;2024;4
54000.0;90.4;1;5;1289.7;6018.0;19777.0;1970;51.0;5;5;68.9;61.5;8;3;56.858611;24.349722;2024;4
55000.0;87.19;1;4;853.3;2778.9;9449.0;1973;30.0;2;2;53.8;50.6;10;2;57.261944;24.415833;2024;4
41000.0;52.06;1;5;860.7;4005.7;13978.0;1984;15.0;5;5;46.2;46.2;6;2;56.787222;23.941944;2024;4
40000.0;142.78;1;10;352.0;2669.8;9405.0;1975;31.0;6;6;51.8;49.1;10;2;56.858611;24.349722;2024;4
5000.0;627.52;5;2;416.4;582.3;2185.0;1900;60.0;1;1;40.5;40.5;2;1;56.744444;24.721389;2024;4
93120.0;71.27;2;4;886.1;3623.9;12164.0;2022;0.0;1;1;48.1;44.4;4;2;57.076944;24.323611;2024;4
37400.0;57.09;1;5;1471.0;7276.5;23664.0;1971;15.0;2;2;44.9;44.9;6;2;56.858611;24.349722;2024;4
75000.0;41.84;1;5;547.0;2911.1;8768.0;2007;19.0;4;4;56.3;46.3;6;2;56.858611;24.349722;2024;4
100000.0;125.98;1;4;312.2;1072.1;2815.0;2008;0.0;2;2;74.5;65.7;5;2;56.875;24.119167;2024;4
35000.0;59.72;1;5;1432.5;7349.8;22411.0;1981;25.0;1;1;59.4;59.4;7;3;57.0925;24.546389;2024;4
40000.0;25.79;1;6;596.5;3217.9;10640.0;1966;30.0;4;4;31.6;29.8;5;1;56.787222;23.941944;2024;4
175000.0;259.02;2;2;432.0;595.6;1958.0;2022;0.0;1;2;148.7;119.7;13;5;57.155;24.857778;2024;4
174281.5;119.4;1;4;545.6;1864.4;6645.0;2022;0.0;1;1;87.2;84.9;8;4;56.875;24.119167;2024;4
6011.0;39.91;1;3;528.5;1330.6;4627.0;1972;27.0;1;1;54.8;53.8;8;2;56.836667;24.496111;2024;4
162000.0;116.11;1;4;545.6;1864.4;6645.0;2022;0.0;2;2;84.8;82.5;8;4;56.875;24.119167;2024;4
105000.0;109.12;3;6;663.1;3246.5;11052.0;2006;14.0;3;3;66.5;63.6;5;2;56.875;24.119167;2024;4
44000.0;37.85;1;9;954.9;7700.3;25002.0;1991;27.0;3;3;51.2;47.6;7;2;56.858611;24.349722;2024;4
44000.0;97.45;1;2;555.2;840.3;3733.0;1953;31.0;2;2;43.7;43.7;5;2;56.875;24.119167;2024;4
146000.0;111.59;1;5;1915.7;9365.5;36030.0;2008;13.0;5;5;90.8;87.6;6;3;57.076944;24.323611;2024;4
53000.0;100.36;1;3;435.4;1380.0;4603.0;1967;30.0;3;3;41.3;41.3;3;2;57.155;24.857778;2024;4
193000.0;184.45;2;5;1044.8;4309.1;13652.0;2023;0.0;4;4;79.5;71.0;6;3;56.900833;24.047778;2024;1
84000.0;66.98;1;5;1915.7;9365.5;36030.0;2008;13.0;2;2;53.9;50.6;4;2;57.076944;24.323611;2024;1
42000.0;63.08;1;6;540.4;2553.2;8543.0;1970;20.0;2;2;49.4;46.2;8;2;56.787222;23.941944;2024;4
106710.0;81.2;2;4;886.1;3623.9;12164.0;2022;0.0;1;1;54.8;51.1;4;2;57.076944;24.323611;2024;4
171000.0;255.63;1;3;324.6;749.2;2742.0;2024;0.0;2;2;84.2;80.0;9;4;56.900833;24.047778;2024;4
55000.0;50.89;1;10;1015.0;9432.4;28853.0;1976;41.0;1;1;61.4;61.4;9;3;56.858611;24.349722;2024;4
50000.0;55.2;1;5;776.9;3439.6;12897.0;2004;18.0;2;2;33.1;33.1;4;1;56.875;24.119167;2024;1
65000.0;77.52;1;3;528.5;1330.6;4627.0;1972;27.0;2;2;53.1;52.3;8;2;56.836667;24.496111;2024;4
13900.0;44.03;1;5;932.1;4522.5;14945.0;1975;30.0;5;5;18.3;18.3;4;1;56.858611;24.349722;2024;1
270000.0;540.95;1;2;692.3;1018.5;3695.0;2006;0.0;1;2;192.6;184.2;9;4;56.900833;24.047778;2024;4
63000.0;79.15;1;5;385.2;1766.5;6305.0;1990;5.0;2;2;54.6;54.6;5;2;56.858611;24.349722;2024;4
43150.0;68.69;1;3;460.3;891.5;3489.0;1940;5.0;2;2;59.6;59.6;6;2;56.787222;23.941944;2024;4
91000.0;107.93;1;5;695.2;3187.6;11037.0;1982;28.0;4;4;77.5;74.2;10;3;56.858611;24.349722;2024;1
95000.0;132.0;1;4;637.8;2032.3;7337.0;2007;13.0;1;1;58.1;53.6;4;2;56.900833;24.047778;2024;1
35000.0;32.22;1;5;898.5;4003.8;14053.0;1981;29.0;2;2;53.6;52.0;7;2;56.836667;24.496111;2024;1
10000.0;114.32;1;3;1355.0;2932.8;10354.0;1975;30.0;2;2;63.5;56.2;9;2;56.875;24.119167;2024;1
36000.0;119.28;1;2;531.0;1215.8;4724.0;1953;40.0;1;1;43.6;43.6;6;2;56.875;24.119167;2024;1
94000.0;76.13;1;4;4488.3;9762.0;37744.0;2007;19.0;2;2;60.8;57.5;5;2;57.076944;24.323611;2024;1
8000.0;18.54;1;5;1009.0;4845.5;16187.0;1994;5.0;4;4;36.8;36.8;4;1;57.0925;24.546389;2024;4
139000.0;189.49;1;4;298.5;1196.1;3723.0;2012;0.0;1;1;73.4;65.5;6;3;57.155;24.857778;2024;1
140000.0;226.58;2;2;790.7;1293.5;4626.0;2019;0.0;1;2;70.5;70.5;4;3;57.155;24.857778;2024;1
34000.0;38.88;1;10;1151.0;10084.3;32287.0;1977;15.0;9;9;51.5;49.0;8;2;56.858611;24.349722;2024;1
128000.0;73.23;1;5;2396.9;9684.6;33228.0;2007;13.0;3;3;69.0;64.0;5;2;57.261944;24.415833;2024;1
27500.0;41.54;1;5;1635.5;7339.7;24205.0;1988;25.0;1;1;34.1;34.1;5;1;56.858611;24.349722;2024;1
53000.0;25.99;1;5;1414.6;6872.9;19804.0;1970;15.0;2;2;49.6;46.6;9;2;56.832222;24.226667;2024;1
97835.0;189.68;1;3;328.3;1034.1;3597.0;2019;0.0;2;2;69.9;65.7;6;3;57.076944;24.323611;2024;1
148800.0;153.9;1;4;367.5;1525.7;4751.0;2022;0.0;3;3;73.5;67.5;5;3;57.155;24.857778;2024;1
49040.0;65.09;1;5;1885.9;9367.3;35631.0;2008;13.0;5;5;47.1;43.9;5;1;57.076944;24.323611;2024;1
36000.0;56.71;1;5;520.3;2291.3;8526.0;1980;10.0;1;1;35.2;35.2;2;1;56.787222;23.941944;2024;1
10000.0;16.09;1;5;729.4;3480.4;11555.0;1970;30.0;5;5;37.6;34.5;6;2;56.832222;24.226667;2023;4
15000.0;28.93;1;5;1020.2;5560.3;16376.0;1967;30.0;1;1;37.1;37.1;5;2;57.0925;24.546389;2024;1
105000.0;87.84;1;4;1883.6;7857.4;30282.0;2007;12.0;2;2;56.7;53.3;5;2;57.076944;24.323611;2024;1
60000.0;55.2;1;5;1242.0;6058.9;19928.0;1972;25.0;1;1;52.6;49.4;7;2;56.858611;24.349722;2024;1
42600.0;35.83;1;5;772.3;2819.5;10775.0;1988;0.0;3;3;53.1;51.5;7;2;56.836667;24.496111;2024;1
143600.0;149.08;1;4;367.5;1525.7;4751.0;2022;0.0;3;3;71.2;64.2;5;3;57.155;24.857778;2024;1
145000.0;250.55;1;4;360.6;1532.6;4747.0;2015;0.0;3;3;71.6;64.6;5;3;57.155;24.857778;2024;1
21000.0;27.97;1;5;702.8;3651.0;10996.0;1972;30.0;3;3;31.7;28.9;5;1;56.787222;23.941944;2024;1
33000.0;27.82;1;5;602.7;2856.8;9740.0;1969;20.0;2;2;45.1;43.3;6;2;56.787222;23.941944;2024;1
80000.0;199.71;1;3;653.1;2030.6;7215.0;1996;24.0;3;3;73.6;62.7;8;3;57.155;24.857778;2024;1
25300.0;45.24;1;5;1540.0;7274.9;21726.0;1969;20.0;4;4;31.2;28.5;5;1;56.858611;24.349722;2024;1
13000.0;64.14;1;5;700.4;3267.1;10774.0;1972;20.0;2;2;37.1;36.2;7;2;56.744444;24.721389;2024;1
210000.0;57.76;7;3;372.6;1027.5;3625.0;2020;0.0;1;1;74.0;66.1;6;3;56.900833;24.047778;2024;1
28500.0;25.6;1;5;602.7;2856.8;9740.0;1969;20.0;2;2;41.6;39.8;6;2;56.787222;23.941944;2024;1
