Darījuma summa, EUR;Būvju skaits;Būves virszemes stāvu skaits;Būves kopplatība, m2;Būves ekspluatācijas uzsākšanas gads;Būves fiziskais nolietojums, %;Telpu grupas platība, m2;Telpu skaits telpu grupā;Istabu skaits dzīvoklī;Garums;Platums;Telpu grupas vidējais stāvs;Gads;sezona_Pavasaris;sezona_Rudens;sezona_Vasara;sezona_Ziema
20350.0;1;4;2508.2;1980;15.0;53.9;7;2;56.666389;22.493611;2.0;2020;0;0;0;1
26500.0;1;5;3151.6;1972;30.0;48.3;7;2;57.246667;22.588611;4.0;2023;0;0;0;1
21000.0;1;6;2226.2;1990;5.0;46.0;4;2;57.246667;22.588611;4.0;2024;0;0;0;1
10000.0;1;5;4029.3;1986;20.0;34.2;5;1;57.246667;22.588611;4.0;2024;0;0;0;1
9450.0;1;1;133.1;1960;50.0;35.1;7;2;56.966667;23.153333;1.0;2023;0;0;0;1
7826.0;1;4;2225.5;1973;30.0;26.9;4;1;56.966667;23.153333;1.0;2024;0;0;0;1
16481.5;1;5;4810.5;1988;27.0;48.9;8;2;56.966667;23.153333;2.0;2023;0;0;0;1
2000.0;2;2;253.9;1870;60.0;20.5;2;1;56.968611;21.971667;2.0;2024;0;0;0;1
15081.5;1;5;3984.0;1976;35.0;32.6;6;1;56.966667;23.153333;5.0;2023;0;0;0;1
5000.0;1;3;1158.2;1969;30.0;40.4;5;2;57.246667;22.588611;2.0;2024;0;0;0;1
18550.0;1;3;1142.1;1967;40.0;28.6;5;1;56.666389;22.493611;2.0;2024;0;0;0;1
40000.0;1;5;2865.7;1991;10.0;50.6;7;2;56.666389;22.493611;4.0;2024;0;0;0;1
30000.0;1;6;2281.9;1989;28.0;55.4;8;2;57.246667;22.588611;3.0;2024;0;0;0;1
15000.0;1;5;3559.2;1973;30.0;38.5;6;2;57.246667;22.588611;5.0;2024;0;0;0;1
12000.0;1;6;5468.8;1970;25.0;36.5;5;1;57.246667;22.588611;3.0;2024;0;0;0;1
18000.0;1;5;2864.2;1985;15.0;35.1;5;1;56.666389;22.493611;3.0;2024;0;0;0;1
28500.0;1;6;4565.8;1984;28.0;54.5;8;2;57.246667;22.588611;5.0;2024;0;0;0;1
22000.0;1;5;3559.2;1973;30.0;38.5;6;2;57.246667;22.588611;5.0;2024;0;0;0;1
18000.0;1;5;4054.1;1974;25.0;35.2;4;1;57.246667;22.588611;2.0;2024;0;0;0;1
26930.62;2;2;855.9;1955;45.0;77.2;10;3;56.966667;23.153333;1.0;2024;0;0;0;1
10500.0;1;5;4009.9;1978;30.0;29.8;6;1;56.966667;23.153333;1.0;2024;0;0;0;1
5000.0;1;3;806.3;1973;25.0;20.6;4;1;56.666389;22.493611;1.0;2024;0;0;0;1
52725.0;1;3;826.3;1969;30.0;56.6;6;2;56.966667;23.153333;3.0;2024;0;0;0;1
35000.0;1;5;4687.0;1986;30.0;49.4;8;2;56.966667;23.153333;3.0;2024;0;0;0;1
28000.0;1;3;1282.7;1960;30.0;38.2;5;2;56.68;22.568333;1.0;2024;0;0;0;1
50000.0;1;3;1080.0;1988;10.0;54.1;7;2;56.966667;23.153333;3.0;2024;0;0;0;1
25000.0;1;5;4010.1;1983;15.0;46.3;6;2;56.966667;23.153333;3.0;2024;0;0;0;1
27000.0;1;5;2557.7;1974;25.0;44.4;6;2;56.966667;23.153333;1.0;2024;1;0;0;0
36000.0;1;4;1156.3;1982;26.0;68.9;10;3;57.246667;22.588611;3.0;2024;1;0;0;0
18000.0;2;2;770.7;1960;45.0;48.6;9;2;56.68;22.568333;2.0;2024;1;0;0;0
14212.0;1;5;2861.5;1991;10.0;52.1;7;2;56.666389;22.493611;3.0;2018;0;1;0;0
52000.0;1;4;2828.2;1985;27.0;84.3;11;4;56.966667;23.153333;4.0;2024;1;0;0;0
20000.0;1;5;2382.9;1970;30.0;41.9;6;2;56.666389;22.493611;2.0;2024;1;0;0;0
18100.0;1;5;2518.8;1970;30.0;34.5;6;2;56.966667;23.153333;1.0;2024;1;0;0;0
23018.55;1;4;2508.2;1980;15.0;53.9;7;2;56.666389;22.493611;2.0;2024;1;0;0;0
30000.0;1;5;3984.0;1976;35.0;48.4;8;2;56.966667;23.153333;5.0;2024;1;0;0;0
4500.0;3;2;302.1;1970;15.0;30.2;4;1;56.666389;22.493611;2.0;2017;0;1;0;0
15000.0;1;5;4745.6;1980;20.0;33.4;7;1;56.966667;23.153333;3.0;2024;1;0;0;0
20000.0;3;3;1184.1;1975;27.0;28.9;5;1;56.535;21.166111;1.0;2024;1;0;0;0
13740.0;2;2;845.9;1955;45.0;56.7;8;2;56.966667;23.153333;2.0;2024;1;0;0;0
14000.0;1;5;3151.6;1972;30.0;45.8;7;2;57.246667;22.588611;2.0;2024;1;0;0;0
25000.0;1;3;1140.7;1980;20.0;57.0;8;2;56.535;21.166111;1.0;2024;1;0;0;0
12000.0;1;5;5267.4;1981;10.0;35.2;5;1;56.966667;23.153333;2.0;2024;1;0;0;0
14000.0;2;3;659.4;1964;40.0;46.9;5;2;57.0375;22.775;2.0;2024;1;0;0;0
23000.0;1;3;1483.7;1974;10.0;35.5;4;1;56.966667;23.153333;3.0;2024;1;0;0;0
32500.0;1;5;2893.5;1970;30.0;46.2;6;2;56.666389;22.493611;5.0;2024;1;0;0;0
64000.0;1;3;1107.5;1982;10.0;77.7;9;3;56.966667;23.153333;3.0;2024;1;0;0;0
28500.0;1;5;2600.0;1969;30.0;29.5;5;1;56.666389;22.493611;3.0;2024;1;0;0;0
37000.0;1;5;2595.1;1970;27.0;49.1;6;2;57.246667;22.588611;4.0;2024;1;0;0;0
25000.0;1;5;4711.7;1980;20.0;52.5;7;2;57.246667;22.588611;5.0;2024;1;0;0;0
10000.0;1;5;3620.6;1973;30.0;31.5;5;1;56.966667;23.153333;2.0;2024;1;0;0;0
4500.0;1;5;3434.8;1970;36.0;29.8;4;1;56.666389;22.493611;1.0;2024;1;0;0;0
49000.0;1;5;2869.0;1991;10.0;52.6;7;2;56.666389;22.493611;5.0;2024;1;0;0;0
18500.0;1;5;4711.7;1980;20.0;33.8;5;1;57.246667;22.588611;2.0;2024;1;0;0;0
24000.0;1;5;2600.0;1969;30.0;29.5;5;1;56.666389;22.493611;2.0;2024;1;0;0;0
31000.0;1;5;2985.3;1976;30.0;46.8;6;2;57.246667;22.588611;1.0;2024;1;0;0;0
75000.0;1;3;2086.2;1978;27.0;104.1;12;5;56.666389;22.493611;2.5;2024;1;0;0;0
39500.0;1;4;1844.4;1992;26.0;53.1;5;2;57.246667;22.588611;1.0;2024;1;0;0;0
17381.5;1;5;2518.8;1970;30.0;48.0;7;2;56.966667;23.153333;3.0;2024;1;0;0;0
18000.0;1;5;4745.6;1980;20.0;30.6;6;1;56.966667;23.153333;1.0;2024;1;0;0;0
22500.0;1;5;3139.5;1994;5.0;36.9;5;1;56.966667;23.153333;2.0;2024;1;0;0;0
32700.0;1;3;1376.1;1975;30.0;54.8;8;2;57.246667;22.588611;1.0;2023;0;1;0;0
5000.0;1;5;4009.9;1978;30.0;33.3;7;1;56.966667;23.153333;4.0;2024;1;0;0;0
13881.5;1;4;2225.5;1973;30.0;29.9;4;1;56.966667;23.153333;3.0;2024;1;0;0;0
15000.0;1;6;5468.9;1970;25.0;36.1;6;1;57.246667;22.588611;1.0;2024;0;0;1;0
24500.0;1;3;1948.5;1975;25.0;37.0;6;1;56.666389;22.493611;1.0;2024;0;0;1;0
25000.0;1;5;3555.4;1973;30.0;35.6;5;2;57.246667;22.588611;1.0;2024;0;0;1;0
22000.0;1;5;3032.1;1989;15.0;54.5;7;2;57.246667;22.588611;3.0;2024;0;0;1;0
15000.0;1;5;2828.9;1986;20.0;33.7;5;1;57.246667;22.588611;5.0;2024;0;0;1;0
15000.0;1;5;3632.2;1977;29.0;38.6;6;2;56.966667;23.153333;2.0;2024;0;0;1;0
33998.0;1;4;2508.2;1980;15.0;67.0;8;3;56.666389;22.493611;2.0;2024;0;0;1;0
24000.0;1;5;3434.8;1970;36.0;41.9;6;2;56.666389;22.493611;3.0;2024;0;0;1;0
10000.0;1;2;781.1;1950;45.0;42.8;5;2;56.68;22.568333;1.0;2024;0;0;1;0
29000.0;1;5;3434.8;1970;36.0;44.2;6;2;56.666389;22.493611;5.0;2024;0;0;1;0
45000.0;1;5;3555.4;1973;30.0;58.9;6;3;57.246667;22.588611;5.0;2024;0;0;1;0
30000.0;1;3;1140.9;1967;33.0;46.0;4;2;56.666389;22.493611;2.0;2024;0;0;1;0
14000.0;1;3;778.4;1968;25.0;22.7;4;1;56.666389;22.493611;1.0;2024;0;0;1;0
26000.0;1;5;4198.9;1990;15.0;56.2;7;2;57.246667;22.588611;5.0;2024;0;0;1;0
10000.0;1;5;2552.1;1970;30.0;48.8;7;2;56.966667;23.153333;4.0;2024;0;0;1;0
20000.0;2;2;534.9;1946;45.0;52.2;9;2;56.68;22.568333;2.0;2024;0;0;1;0
15500.0;1;6;5465.2;1970;17.0;43.7;5;1;57.246667;22.588611;4.0;2024;0;0;1;0
4747.0;1;6;5331.7;1981;27.0;43.9;5;1;57.246667;22.588611;5.0;2024;0;0;1;0
12881.5;2;2;832.9;1955;40.0;54.3;9;2;56.966667;23.153333;2.0;2024;0;0;1;0
36500.0;1;6;4565.8;1984;28.0;63.8;8;3;57.246667;22.588611;2.0;2024;0;0;1;0
4476.0;1;3;860.1;1967;20.0;25.8;4;1;57.246667;22.588611;3.0;2024;0;0;1;0
55000.0;1;4;1844.4;1992;26.0;77.3;10;3;57.246667;22.588611;1.0;2024;0;0;1;0
35000.0;1;6;2281.9;1989;28.0;68.6;8;3;57.246667;22.588611;2.0;2024;0;0;1;0
28000.0;1;5;3765.7;1977;30.0;46.5;6;2;57.246667;22.588611;4.0;2024;0;0;1;0
27629.94;1;5;2557.7;1974;25.0;48.4;7;2;56.966667;23.153333;3.0;2024;0;0;1;0
10000.0;1;6;5465.2;1970;17.0;43.8;5;1;57.246667;22.588611;5.0;2024;0;0;1;0
41000.0;1;5;5109.7;1978;30.0;55.6;7;2;56.966667;23.153333;4.0;2024;0;0;1;0
26000.0;1;5;2551.3;1969;30.0;37.6;7;2;56.966667;23.153333;3.0;2024;0;0;1;0
8315.0;1;5;3989.9;1975;30.0;52.2;6;2;57.246667;22.588611;5.0;2024;0;0;1;0
32000.0;1;5;4711.7;1980;20.0;52.5;7;2;57.246667;22.588611;3.0;2024;0;0;1;0
6500.0;1;5;3957.5;1981;29.0;54.7;7;2;56.966667;23.153333;3.0;2024;0;0;1;0
27000.0;1;5;2518.8;1970;30.0;34.7;6;2;56.966667;23.153333;1.0;2024;0;0;1;0
30000.0;1;4;2006.4;1993;0.0;66.5;11;3;56.666389;22.493611;3.0;2024;0;0;1;0
36000.0;2;2;845.9;1955;45.0;65.2;5;3;56.966667;23.153333;2.0;2024;0;0;1;0
20000.0;3;2;1005.4;1956;45.0;45.6;7;2;56.68;22.568333;1.0;2024;0;0;1;0
27700.0;1;5;2595.1;1970;27.0;35.7;6;2;57.246667;22.588611;5.0;2024;0;0;1;0
50000.0;2;2;253.9;1870;60.0;65.7;6;3;56.968611;21.971667;1.0;2024;0;0;1;0
2000.0;1;5;3620.6;1973;30.0;31.6;5;1;56.966667;23.153333;3.0;2024;0;1;0;0
13600.0;2;3;1173.3;1972;20.0;47.6;8;2;56.666389;22.493611;3.0;2024;0;0;1;0
15250.0;1;5;3501.4;1975;10.0;28.6;5;1;56.966667;23.153333;4.0;2024;0;1;0;0
29000.0;1;6;5331.7;1981;27.0;79.4;9;3;57.246667;22.588611;6.0;2024;0;1;0;0
15200.0;1;5;2551.3;1969;30.0;37.6;7;2;56.966667;23.153333;5.0;2024;0;1;0;0
10000.0;1;5;2988.3;1989;10.0;36.7;6;1;56.666389;22.493611;2.0;2024;0;1;0;0
5000.0;1;3;778.4;1968;25.0;26.1;4;1;56.666389;22.493611;1.0;2024;0;1;0;0
15000.0;1;5;2552.1;1970;30.0;49.0;9;2;56.966667;23.153333;5.0;2024;0;1;0;0
16025.0;1;5;3501.4;1975;10.0;28.3;5;1;56.966667;23.153333;4.0;2024;0;1;0;0
22000.0;4;2;835.6;1955;45.0;67.8;9;3;56.966667;23.153333;1.0;2024;0;1;0;0
10000.0;1;3;778.4;1968;25.0;26.2;4;1;56.666389;22.493611;1.0;2024;0;1;0;0
15000.0;1;4;2225.5;1973;30.0;71.4;6;3;56.966667;23.153333;1.0;2024;0;1;0;0
20954.19;1;5;3983.3;1976;30.0;48.3;7;2;56.966667;23.153333;2.0;2024;0;0;1;0
34000.0;1;5;3632.2;1977;29.0;40.0;6;2;56.966667;23.153333;3.0;2024;0;1;0;0
27500.0;1;3;1196.6;1952;45.0;41.5;6;2;56.68;22.568333;2.0;2024;0;1;0;0
25000.0;1;5;2595.1;1970;27.0;35.4;6;2;57.246667;22.588611;2.0;2024;0;1;0;0
48000.0;1;6;4571.4;1984;29.0;67.3;8;3;57.246667;22.588611;2.0;2024;0;1;0;0
15000.0;1;2;532.8;1953;70.0;51.1;10;2;56.68;22.568333;2.0;2024;0;1;0;0
67000.0;1;4;3324.9;1983;15.0;66.4;8;3;56.535;21.166111;1.0;2024;0;1;0;0
85000.0;1;6;6637.7;1993;15.0;98.3;9;4;56.966667;23.153333;3.0;2024;0;1;0;0
37000.0;1;4;2533.4;1989;26.0;53.6;7;2;56.535;21.166111;2.0;2024;0;1;0;0
1500.0;5;2;192.3;1960;60.0;30.5;4;1;56.966667;23.153333;1.0;2024;0;1;0;0
17000.0;1;5;4221.8;1992;15.0;34.6;5;1;57.246667;22.588611;1.0;2024;0;1;0;0
53000.0;2;2;541.9;1956;40.0;71.3;7;4;56.68;22.568333;1.0;2024;0;1;0;0
29990.0;1;5;4009.9;1978;30.0;47.9;6;2;56.966667;23.153333;5.0;2024;0;1;0;0
3000.0;2;4;2021.7;1990;10.0;69.8;11;3;56.966667;23.153333;1.0;2024;0;1;0;0
7000.0;1;5;4921.9;1970;20.0;73.6;10;3;56.666389;22.493611;2.0;2024;0;1;0;0
32000.0;1;4;2395.1;1975;20.0;51.0;7;2;56.966667;23.153333;1.0;2024;0;1;0;0
18000.0;1;3;1483.7;1974;10.0;35.3;4;1;56.966667;23.153333;1.0;2024;0;1;0;0
32000.0;1;3;1887.6;1972;28.0;52.4;7;2;56.666389;22.493611;2.0;2024;0;1;0;0
36000.0;1;3;1371.5;1972;25.0;52.7;8;2;57.246667;22.588611;2.0;2024;0;1;0;0
41000.0;1;5;2893.5;1970;30.0;70.4;8;3;56.666389;22.493611;4.0;2024;0;1;0;0
33915.0;1;5;5109.7;1978;30.0;55.5;10;2;56.966667;23.153333;5.0;2024;0;1;0;0
30000.0;1;5;2162.6;1979;30.0;66.9;8;3;57.246667;22.588611;3.0;2024;0;1;0;0
19200.0;1;5;2601.5;1969;30.0;41.6;6;2;56.666389;22.493611;3.0;2024;0;1;0;0
15000.0;1;5;2382.9;1970;30.0;55.0;6;3;56.666389;22.493611;3.0;2024;0;1;0;0
56000.0;1;6;4686.1;1987;5.0;70.6;8;3;56.966667;23.153333;3.0;2024;0;1;0;0
16281.5;1;5;3620.6;1973;30.0;35.1;5;2;56.966667;23.153333;1.0;2024;0;1;0;0
13900.0;2;3;1173.3;1972;20.0;38.9;6;2;56.666389;22.493611;1.0;2024;0;0;1;0
15100.0;1;5;4687.0;1986;30.0;34.1;5;1;56.966667;23.153333;5.0;2024;0;1;0;0
21000.0;2;2;758.4;1957;60.0;62.2;7;3;56.68;22.568333;2.0;2024;0;1;0;0
17000.0;1;5;4687.0;1993;5.0;44.0;5;1;56.666389;22.493611;2.0;2024;0;1;0;0
19700.0;1;2;888.8;1955;25.0;62.5;7;3;56.68;22.568333;2.0;2024;0;1;0;0
18700.0;1;5;2872.0;1991;10.0;52.0;7;2;56.666389;22.493611;2.0;2024;0;1;0;0
18400.0;1;5;2601.5;1969;30.0;41.0;6;2;56.666389;22.493611;2.0;2024;0;0;1;0
3450.0;1;5;4009.9;1978;30.0;30.7;5;1;56.966667;23.153333;1.0;2024;0;1;0;0
56500.0;1;5;5266.3;1976;20.0;69.3;8;3;57.246667;22.588611;1.0;2024;0;1;0;0
8100.0;1;5;4054.1;1974;25.0;47.8;6;2;57.246667;22.588611;4.0;2024;0;1;0;0
20000.0;1;5;4745.6;1980;20.0;48.6;8;2;56.966667;23.153333;3.0;2024;0;1;0;0
28500.0;1;3;744.1;1963;25.0;40.6;5;2;56.966667;23.153333;2.0;2024;0;1;0;0
45000.0;1;5;5267.4;1981;10.0;54.5;7;2;56.966667;23.153333;4.0;2024;1;0;0;0
25000.0;1;5;5267.4;1981;10.0;43.2;5;1;56.966667;23.153333;5.0;2024;0;0;0;1
18000.0;1;5;2518.8;1970;30.0;34.5;6;2;56.966667;23.153333;1.0;2024;0;0;0;1
53000.0;1;5;3153.7;1972;30.0;70.8;9;4;57.246667;22.588611;3.0;2024;0;0;0;1
20000.0;1;5;2872.0;1991;10.0;51.0;7;2;56.666389;22.493611;5.0;2024;0;1;0;0
4000.0;1;3;1848.5;1965;50.0;39.5;5;2;56.3;26.716667;1.0;2023;0;0;0;1
15000.0;1;4;2098.8;1990;29.0;51.3;7;2;57.1325;27.265833;1.0;2024;0;0;0;1
10000.0;1;4;2509.6;1973;35.0;66.5;8;3;56.3;26.716667;4.0;2024;0;0;0;1
9500.0;1;5;3586.9;1978;30.0;39.1;7;2;56.3;26.716667;3.0;2024;0;0;0;1
7000.0;2;2;191.6;1962;50.0;48.4;5;2;57.1325;27.265833;2.0;2024;0;0;0;1
15000.0;1;5;2516.6;1973;40.0;46.8;7;2;57.1325;27.265833;5.0;2024;0;0;0;1
12500.0;1;5;4531.7;1981;45.0;40.7;5;1;56.366667;26.183333;3.0;2024;0;0;0;1
3000.0;1;5;3554.6;1976;30.0;36.4;5;2;56.366667;26.183333;1.0;2024;0;0;0;1
8000.0;1;5;3573.5;1976;25.0;60.3;8;3;56.3;26.716667;4.0;2024;0;0;0;1
3080.0;1;4;2142.0;1969;45.0;46.2;6;2;56.3;26.716667;1.0;2023;0;0;0;1
10000.0;1;5;2883.5;1982;28.0;76.9;11;4;56.366667;26.183333;4.0;2024;0;0;0;1
6209.05;2;2;463.3;1952;60.0;41.9;5;2;56.546389;27.726944;1.0;2024;0;0;0;1
10000.0;2;3;1124.1;1977;30.0;45.7;5;2;57.1325;27.265833;3.0;2024;0;0;0;1
8635.57;1;5;3574.3;1967;15.0;46.7;7;2;57.1325;27.265833;4.0;2024;0;0;0;1
3600.0;1;5;3584.4;1982;35.0;37.4;6;2;56.3;26.716667;2.0;2022;0;0;0;1
3084.79;1;5;3547.9;1984;25.0;36.6;5;2;56.3;26.716667;1.0;2012;0;1;0;0
4000.0;1;5;4508.3;1981;30.0;36.4;4;1;56.366667;26.183333;3.0;2024;0;0;0;1
27000.0;1;5;2516.6;1973;40.0;47.2;7;2;57.1325;27.265833;3.0;2024;0;0;0;1
11000.0;2;3;562.0;1964;30.0;41.9;5;2;57.1325;27.265833;3.0;2024;1;0;0;0
9500.0;1;3;1957.8;1983;35.0;45.2;6;2;56.3;26.716667;1.0;2024;1;0;0;0
7000.0;1;5;3044.1;1987;29.0;55.2;7;2;56.366667;26.183333;2.0;2020;1;0;0;0
5000.0;1;4;2513.4;1973;35.0;34.0;4;1;56.3;26.716667;1.0;2024;1;0;0;0
10000.0;1;5;2883.5;1982;28.0;63.1;9;3;56.366667;26.183333;3.0;2024;1;0;0;0
3500.0;1;5;3746.1;1986;15.0;38.2;6;2;56.3;26.716667;4.0;2024;1;0;0;0
15000.0;1;5;3574.3;1967;15.0;37.6;7;2;57.1325;27.265833;5.0;2024;1;0;0;0
2500.0;2;2;203.2;1965;60.0;52.1;7;3;57.1325;27.265833;1.0;2024;1;0;0;0
10000.0;1;5;3517.0;1991;10.0;36.9;6;2;56.3;26.716667;5.0;2024;1;0;0;0
25000.0;1;3;1721.9;1981;25.0;72.5;9;4;56.3;26.716667;2.0;2024;1;0;0;0
2000.0;1;5;4508.3;1981;30.0;35.9;5;1;56.366667;26.183333;2.0;2024;1;0;0;0
1600.0;1;3;668.0;1960;40.0;42.0;5;2;56.3;26.716667;2.0;2024;1;0;0;0
13000.0;1;4;2770.2;1968;40.0;60.6;8;3;56.3;26.716667;4.0;2019;0;0;0;1
5000.0;1;3;599.2;1964;60.0;50.8;5;2;57.1325;27.265833;2.0;2024;1;0;0;0
5000.0;1;5;4531.7;1981;45.0;53.0;7;3;56.366667;26.183333;2.0;2024;0;0;1;0
35000.0;1;3;610.9;1991;20.0;80.0;8;3;56.3;26.716667;3.0;2024;0;0;1;0
24000.0;1;5;3898.5;1980;28.0;62.5;7;3;56.366667;26.183333;2.0;2024;0;0;1;0
10000.0;1;5;2516.6;1973;40.0;25.9;4;1;57.1325;27.265833;2.0;2024;0;0;1;0
3260.0;1;5;3517.0;1991;10.0;31.3;5;1;56.3;26.716667;4.0;2024;0;0;1;0
10000.0;1;5;2516.6;1973;40.0;25.9;4;1;57.1325;27.265833;2.0;2024;0;0;1;0
10000.0;1;5;2516.6;1973;40.0;46.8;7;2;57.1325;27.265833;5.0;2024;0;0;1;0
12000.0;3;3;1138.8;1971;30.0;38.8;5;2;57.1325;27.265833;1.0;2024;0;0;1;0
3000.0;1;4;2077.7;1971;30.0;34.8;6;2;56.3;26.716667;1.0;2024;0;0;1;0
9000.0;1;5;3543.9;1989;26.0;36.4;6;2;56.3;26.716667;3.0;2024;0;0;1;0
5000.0;1;5;3547.9;1984;25.0;37.4;6;2;56.3;26.716667;2.0;2024;0;0;1;0
5000.0;1;5;3584.4;1982;35.0;30.0;5;1;56.3;26.716667;3.0;2024;0;0;1;0
30000.0;1;5;3541.1;1977;33.0;56.5;7;3;56.366667;26.183333;5.0;2024;0;0;1;0
29000.0;1;3;2185.3;1975;33.0;64.2;9;3;56.3;26.716667;2.0;2024;0;0;1;0
14500.0;1;5;3388.9;1971;30.0;46.6;7;2;56.366667;26.183333;5.0;2024;0;0;1;0
4000.0;1;4;2077.3;1970;25.0;46.4;7;2;56.3;26.716667;2.0;2024;0;0;1;0
6000.0;1;5;3573.5;1987;20.0;59.6;7;3;56.3;26.716667;3.0;2024;0;0;1;0
7000.0;1;5;2516.6;1973;40.0;45.7;7;2;57.1325;27.265833;2.0;2024;0;0;1;0
11800.0;1;5;3573.5;1976;25.0;29.9;6;1;56.3;26.716667;4.0;2024;0;0;1;0
7500.0;1;5;3588.1;1976;20.0;47.5;7;2;56.366667;26.183333;5.0;2022;0;1;0;0
1599.0;2;2;191.6;1962;50.0;38.1;5;1;57.1325;27.265833;1.0;2024;0;1;0;0
5000.0;3;1;134.2;1968;50.0;41.7;6;2;56.3;26.716667;1.0;2024;0;1;0;0
20000.0;1;3;1883.7;1964;55.0;42.7;6;2;56.3;26.716667;2.0;2024;0;1;0;0
12400.0;1;3;2208.1;1986;15.0;63.2;9;3;56.546389;27.726944;1.0;2024;0;0;1;0
7800.0;1;5;4434.4;1984;25.0;36.3;5;2;56.366667;26.183333;1.0;2024;0;1;0;0
14000.0;1;5;3860.0;1986;26.0;40.6;6;2;56.546389;27.726944;4.0;2024;0;1;0;0
7500.0;4;2;317.2;1900;50.0;47.1;3;2;56.366667;26.183333;1.0;2024;0;1;0;0
12000.0;3;2;379.0;1958;40.0;48.1;5;2;57.1325;27.265833;2.0;2024;0;1;0;0
2450.0;1;3;659.2;1964;35.0;41.2;5;2;57.1325;27.265833;2.0;2024;0;0;1;0
10000.0;1;5;3898.5;1980;28.0;51.9;6;2;56.366667;26.183333;4.0;2024;0;1;0;0
5000.0;1;5;4339.1;1979;35.0;63.2;9;3;56.366667;26.183333;5.0;2024;0;1;0;0
5000.0;3;1;127.2;1935;55.0;35.0;5;3;56.3;26.716667;1.0;2024;0;0;1;0
7000.0;1;5;4942.6;1974;20.0;52.2;7;2;57.1325;27.265833;2.0;2024;0;1;0;0
4500.0;1;4;2513.4;1973;35.0;53.2;7;2;56.3;26.716667;1.0;2024;0;1;0;0
2800.0;1;5;3567.5;1983;25.0;31.4;5;1;56.3;26.716667;2.0;2024;0;1;0;0
6300.0;1;3;2185.3;1975;33.0;37.2;6;1;56.3;26.716667;1.0;2024;0;1;0;0
13100.0;1;5;4531.7;1981;45.0;39.9;5;1;56.366667;26.183333;4.0;2024;0;1;0;0
2000.0;1;5;3565.3;1975;30.0;29.3;5;1;56.366667;26.183333;4.0;2024;0;1;0;0
27000.0;1;5;3543.9;1989;26.0;60.7;6;3;56.3;26.716667;5.0;2024;0;1;0;0
1700.0;1;3;819.6;1971;40.0;19.3;3;1;56.3;26.716667;3.0;2024;0;1;0;0
3000.0;1;4;2077.7;1971;30.0;36.0;7;2;56.3;26.716667;4.0;2024;0;1;0;0
3500.0;2;2;216.2;1930;55.0;19.0;2;1;56.546389;27.726944;1.0;2024;0;1;0;0
7000.0;1;2;650.4;1989;10.0;67.7;8;2;56.3;26.716667;2.0;2024;0;1;0;0
12000.0;1;3;1873.0;1965;50.0;40.8;5;2;56.3;26.716667;3.0;2024;0;1;0;0
9000.0;1;5;3860.0;1986;26.0;37.7;6;2;56.546389;27.726944;1.0;2023;0;1;0;0
7500.0;1;3;2208.1;1986;15.0;70.6;9;3;56.546389;27.726944;3.0;2024;0;0;0;1
14000.0;1;5;5398.2;1984;25.0;44.7;7;2;56.3;26.716667;3.0;2024;0;0;0;1
2600.0;1;5;4508.3;1981;30.0;40.3;5;1;56.366667;26.183333;5.0;2024;0;1;0;0
6000.0;1;3;660.7;1974;29.0;32.3;4;1;56.851111;26.219444;2.0;2023;0;0;0;1
2000.0;2;1;158.2;1957;50.0;46.7;8;2;57.420556;27.048611;1.0;2023;0;0;0;1
10000.0;1;5;3835.4;1977;30.0;53.5;7;2;57.751667;24.357222;4.0;2023;0;0;0;1
5500.0;2;1;158.2;1957;50.0;39.3;7;1;57.420556;27.048611;1.0;2022;0;0;1;0
5126.0;1;5;3593.8;1979;33.0;44.4;6;2;57.420556;27.048611;1.0;2017;0;0;1;0
10000.0;1;5;1964.8;1987;10.0;53.2;7;2;56.851111;26.219444;5.0;2024;0;0;0;1
12960.0;1;3;805.5;1966;50.0;63.3;6;3;57.751667;24.357222;3.0;2023;0;0;0;1
7500.0;1;3;1788.0;1983;10.0;57.5;7;2;57.420556;27.048611;1.0;2024;0;0;0;1
1100.0;2;3;937.6;1900;55.0;26.5;2;1;57.420556;27.048611;1.0;2024;0;0;0;1
29500.0;1;5;5024.9;1970;25.0;35.8;6;2;57.420556;27.048611;5.0;2024;0;0;0;1
21500.0;1;5;3593.8;1979;33.0;44.4;6;2;57.420556;27.048611;1.0;2024;0;0;0;1
1500.0;2;3;937.6;1900;55.0;31.1;2;1;57.420556;27.048611;3.0;2024;0;0;0;1
21000.0;1;3;1328.4;1973;20.0;53.2;5;2;57.420556;27.048611;1.0;2024;0;0;0;1
13500.0;1;4;5755.1;1985;10.0;53.0;7;2;57.420556;27.048611;4.0;2024;0;0;0;1
40000.0;1;5;5105.0;1975;16.0;55.3;5;2;57.3125;25.275278;4.0;2024;0;0;0;1
10000.0;2;2;856.4;1974;10.0;51.3;6;2;57.420556;27.048611;1.0;2024;0;0;0;1
3000.0;2;3;307.1;1957;55.0;24.5;2;1;57.511389;24.719167;1.0;2024;0;0;0;1
20000.0;1;5;3616.3;1983;10.0;62.6;8;3;57.420556;27.048611;4.0;2024;0;0;0;1
11000.0;1;3;1347.6;1976;25.0;37.6;4;1;57.420556;27.048611;2.0;2024;0;0;0;1
20000.0;1;5;2308.7;1973;30.0;34.4;4;1;57.511389;24.719167;2.0;2024;0;0;0;1
34000.0;1;3;1244.0;1980;45.0;39.4;5;2;57.3125;25.275278;3.0;2024;0;0;0;1
18000.0;1;5;3665.8;1977;10.0;38.7;6;2;57.420556;27.048611;3.0;2024;0;0;0;1
17000.0;1;5;3628.2;1988;5.0;43.7;5;2;57.420556;27.048611;4.0;2024;0;0;0;1
4100.0;3;2;339.2;1966;40.0;28.8;2;1;56.851111;26.219444;1.0;2024;0;0;0;1
43000.0;1;4;2498.0;1971;25.0;51.7;7;2;57.3125;25.275278;4.0;2024;0;0;0;1
10000.0;1;5;3645.1;1981;29.0;31.0;5;1;56.851111;26.219444;5.0;2024;0;0;0;1
24000.0;1;5;7310.8;1990;16.0;61.2;7;2;57.751667;24.357222;3.0;2024;0;0;0;1
69000.0;1;5;7310.8;1990;16.0;65.3;7;2;57.751667;24.357222;4.0;2024;1;0;0;0
11000.0;1;5;3502.6;1977;20.0;59.9;7;3;56.851111;26.219444;1.0;2024;0;0;0;1
4200.0;1;3;1327.7;1960;35.0;29.3;5;1;57.3125;25.275278;1.0;2024;0;0;0;1
39000.0;1;3;1764.9;1989;10.0;70.5;12;3;57.420556;27.048611;1.0;2024;1;0;0;0
5000.0;1;2;667.8;1976;40.0;49.3;7;1;57.511389;24.719167;1.0;2023;0;0;0;1
68000.0;1;5;4113.2;1988;27.0;74.2;12;3;56.851111;26.219444;2.0;2024;1;0;0;0
5500.0;1;3;1744.7;1977;15.0;46.9;6;2;57.420556;27.048611;2.0;2024;1;0;0;0
27300.0;1;3;1303.9;1960;27.0;38.1;5;2;57.3125;25.275278;2.0;2024;1;0;0;0
35000.0;1;5;4018.8;1975;25.0;67.9;8;3;56.851111;26.219444;2.0;2024;1;0;0;0
2150.0;1;5;3620.9;1976;30.0;57.6;5;3;57.420556;27.048611;5.0;2024;1;0;0;0
9000.0;1;5;4242.5;1988;10.0;55.6;7;2;57.420556;27.048611;2.0;2024;1;0;0;0
14000.0;1;3;2205.3;1963;30.0;28.4;5;1;57.420556;27.048611;3.0;2024;1;0;0;0
1500.0;2;1;257.7;1960;35.0;43.7;4;2;57.420556;27.048611;1.0;2024;1;0;0;0
47500.0;2;2;234.7;1954;30.0;46.9;4;2;57.3125;25.275278;2.0;2024;1;0;0;0
12200.0;1;4;2761.8;1981;20.0;38.3;6;1;56.851111;26.219444;4.0;2024;0;0;0;1
6000.0;1;3;1337.6;1974;25.0;47.6;7;2;56.851111;26.219444;1.0;2024;1;0;0;0
27000.0;1;3;2735.8;1984;28.0;38.1;7;1;56.851111;26.219444;2.0;2024;1;0;0;0
3000.0;2;2;452.9;1910;45.0;37.4;4;2;57.424167;25.906667;1.0;2024;1;0;0;0
29750.0;1;4;3314.0;1973;30.0;52.3;7;2;57.3125;25.275278;1.0;2024;1;0;0;0
34500.0;1;5;4524.1;1985;28.0;44.4;6;2;57.511389;24.719167;5.0;2024;1;0;0;0
15000.0;1;4;2312.1;1971;30.0;33.3;5;1;56.851111;26.219444;3.0;2024;1;0;0;0
5400.0;1;5;5103.2;1984;28.0;53.1;9;2;57.420556;27.048611;5.0;2024;1;0;0;0
14000.0;1;3;3296.6;1985;15.0;53.7;7;2;57.420556;27.048611;2.0;2024;1;0;0;0
18000.0;1;3;2194.1;1963;36.0;42.8;8;2;57.420556;27.048611;2.0;2024;1;0;0;0
15000.0;1;4;3147.5;1973;20.0;34.8;5;1;57.751667;24.357222;1.0;2024;1;0;0;0
10000.0;1;5;4242.5;1988;10.0;55.6;7;2;57.420556;27.048611;2.0;2024;1;0;0;0
49000.0;1;2;458.1;1961;35.0;60.5;6;2;57.3125;25.275278;2.0;2024;1;0;0;0
34000.0;1;5;3712.9;1983;28.0;73.1;9;3;57.511389;24.719167;1.0;2024;1;0;0;0
38000.0;1;4;1446.3;1969;25.0;57.9;9;3;57.3125;25.275278;3.0;2024;1;0;0;0
1500.0;2;2;276.1;1963;55.0;19.6;2;1;57.511389;24.719167;1.0;2024;0;0;0;1
15000.0;1;5;5362.4;1984;15.0;66.7;11;3;57.420556;27.048611;2.0;2024;1;0;0;0
32800.0;2;3;626.3;1961;25.0;48.9;7;2;57.424167;25.906667;1.0;2024;1;0;0;0
21000.0;1;5;1964.8;1987;10.0;67.9;10;3;56.851111;26.219444;1.0;2023;0;1;0;0
60000.0;1;3;2735.8;1984;28.0;70.2;10;3;56.851111;26.219444;3.0;2024;1;0;0;0
6000.0;1;3;2205.3;1963;30.0;53.0;11;3;57.420556;27.048611;1.0;2024;1;0;0;0
2000.0;1;1;133.2;1957;60.0;33.2;7;1;57.420556;27.048611;1.0;2024;1;0;0;0
35800.0;1;5;5665.1;1982;16.0;53.5;7;2;57.511389;24.719167;2.0;2024;1;0;0;0
1350.0;1;1;133.2;1957;60.0;27.3;6;1;57.420556;27.048611;1.0;2024;1;0;0;0
33500.0;1;3;1132.5;1969;30.0;46.9;6;2;57.3125;25.275278;3.0;2024;1;0;0;0
3500.0;1;3;1951.7;1976;10.0;36.4;6;1;57.420556;27.048611;1.0;2024;1;0;0;0
25000.0;1;3;1303.9;1960;27.0;40.9;5;2;57.3125;25.275278;1.0;2024;1;0;0;0
33000.0;1;5;5024.9;1970;25.0;70.0;8;4;57.420556;27.048611;1.0;2024;1;0;0;0
5500.0;1;5;2407.9;1994;0.0;33.2;5;1;57.420556;27.048611;4.0;2024;1;0;0;0
5000.0;1;4;2330.3;1966;14.0;27.8;4;1;57.3125;25.275278;1.0;2024;1;0;0;0
29300.0;1;5;5665.1;1982;16.0;45.8;6;2;57.511389;24.719167;2.0;2024;1;0;0;0
55000.0;1;5;3645.1;1981;29.0;61.7;8;3;56.851111;26.219444;5.0;2024;1;0;0;0
38500.0;1;6;3406.5;1981;28.0;33.6;5;1;57.424167;25.906667;4.0;2024;1;0;0;0
15000.0;1;3;1716.5;1980;20.0;42.3;6;1;56.851111;26.219444;1.0;2024;1;0;0;0
37000.0;1;4;2182.0;1980;30.0;52.7;7;2;57.511389;24.719167;4.0;2024;1;0;0;0
2000.0;1;3;805.5;1966;50.0;62.5;6;3;57.751667;24.357222;2.0;2024;1;0;0;0
19000.0;1;4;2322.8;1971;30.0;48.4;7;2;56.851111;26.219444;4.0;2024;1;0;0;0
45000.0;1;4;2182.0;1980;30.0;65.3;8;3;57.511389;24.719167;1.0;2024;0;0;1;0
4557.46;1;3;856.8;1968;33.0;26.6;4;1;56.851111;26.219444;2.0;2024;0;0;1;0
58000.0;1;4;771.8;1971;10.0;63.8;8;3;57.424167;25.906667;1.0;2024;0;0;1;0
5000.0;1;3;1377.6;1975;20.0;54.4;8;2;57.420556;27.048611;2.0;2024;1;0;0;0
24000.0;1;4;2330.3;1966;14.0;27.8;4;1;57.3125;25.275278;1.0;2024;0;0;1;0
21700.0;1;4;2761.8;1981;20.0;87.2;9;2;56.851111;26.219444;2.0;2024;1;0;0;0
20900.0;1;5;3760.7;1987;15.0;42.3;7;1;57.3125;25.275278;4.0;2024;0;0;1;0
25000.0;2;3;532.6;1963;35.0;39.5;5;2;57.751667;24.357222;3.0;2024;0;0;1;0
3500.0;1;3;853.4;1970;30.0;27.6;4;1;56.851111;26.219444;1.0;2024;0;0;1;0
31000.0;1;5;3754.1;1977;20.0;54.6;7;2;57.511389;24.719167;4.0;2024;0;0;1;0
18000.0;1;3;2194.1;1963;36.0;54.5;10;3;57.420556;27.048611;2.0;2024;0;0;1;0
8650.0;1;5;5665.1;1982;16.0;36.1;5;1;57.511389;24.719167;1.0;2024;0;0;1;0
19500.0;1;5;2498.9;1980;20.0;38.3;6;2;57.511389;24.719167;4.0;2024;0;0;1;0
1500.0;2;3;937.6;1900;55.0;31.1;2;1;57.420556;27.048611;3.0;2024;0;0;1;0
33000.0;1;6;2260.9;1979;20.0;51.2;7;2;56.851111;26.219444;4.0;2024;0;0;1;0
30000.0;1;3;2735.8;1984;28.0;68.1;7;3;56.851111;26.219444;1.0;2024;0;0;1;0
7000.0;1;5;3665.8;1977;10.0;62.2;8;3;57.420556;27.048611;3.0;2024;0;0;1;0
12000.0;1;5;2498.9;1980;20.0;38.1;6;2;57.511389;24.719167;3.0;2024;0;0;1;0
5000.0;1;6;3623.4;1990;10.0;33.9;5;1;57.1725;26.761111;1.0;2024;0;0;1;0
17000.0;1;3;625.7;1969;35.0;46.2;7;2;57.3125;25.275278;2.0;2024;0;0;1;0
10000.0;1;5;2498.9;1980;20.0;28.6;4;1;57.511389;24.719167;1.0;2022;0;1;0;0
38500.0;1;3;1605.2;1972;10.0;72.3;12;3;57.424167;25.906667;3.0;2024;0;0;1;0
35000.0;1;5;2308.7;1973;30.0;52.9;7;2;57.511389;24.719167;3.0;2024;0;0;1;0
32000.0;1;3;1328.4;1973;20.0;50.0;8;2;57.420556;27.048611;3.0;2024;0;0;1;0
3916.0;1;5;3665.8;1977;10.0;39.4;6;2;57.420556;27.048611;5.0;2024;0;0;1;0
10925.0;1;5;5024.9;1970;25.0;46.9;6;2;57.420556;27.048611;5.0;2024;0;0;1;0
10000.0;1;3;1750.5;1970;15.0;28.2;4;1;57.420556;27.048611;2.0;2024;0;0;1;0
14000.0;2;3;532.6;1963;35.0;38.6;5;2;57.751667;24.357222;1.0;2024;0;0;1;0
3500.0;2;2;452.9;1910;45.0;42.8;4;2;57.424167;25.906667;2.0;2024;0;0;1;0
25000.0;1;5;5105.0;1975;16.0;34.9;4;1;57.3125;25.275278;4.0;2024;0;0;1;0
5000.0;2;1;158.2;1957;50.0;29.2;6;1;57.420556;27.048611;1.0;2024;0;0;1;0
15500.0;1;4;2312.1;1971;30.0;33.3;5;1;56.851111;26.219444;3.0;2024;0;0;1;0
45000.0;1;4;3741.9;1970;15.0;51.9;6;2;57.424167;25.906667;4.0;2024;0;0;1;0
29000.0;1;4;2322.8;1971;30.0;48.0;7;2;56.851111;26.219444;1.0;2024;0;0;1;0
41000.0;1;5;4114.1;1988;28.0;67.6;6;3;56.851111;26.219444;1.0;2024;0;0;1;0
5000.0;1;3;1178.5;1989;15.0;65.5;9;3;57.420556;27.048611;3.0;2024;0;0;1;0
11100.0;1;5;2498.9;1980;20.0;28.6;4;1;57.511389;24.719167;1.0;2024;0;0;1;0
26400.0;1;5;3502.6;1977;20.0;37.4;6;2;56.851111;26.219444;2.0;2024;0;0;1;0
1000.0;1;2;144.7;1910;60.0;18.9;2;1;57.420556;27.048611;1.0;2024;0;0;1;0
11000.0;1;5;4067.6;1981;10.0;55.6;7;2;57.420556;27.048611;3.0;2024;0;0;1;0
8000.0;1;5;4940.2;1982;15.0;51.7;11;2;57.420556;27.048611;2.0;2024;0;0;1;0
10000.0;1;4;3174.2;1975;20.0;50.6;7;2;57.751667;24.357222;3.0;2024;0;0;1;0
25000.0;1;5;3620.9;1976;30.0;61.8;8;3;57.420556;27.048611;3.0;2024;0;0;1;0
58000.0;1;5;4524.1;1985;28.0;63.7;8;4;57.511389;24.719167;3.0;2024;0;0;1;0
42000.0;1;3;1221.2;1988;15.0;74.4;11;3;57.420556;27.048611;3.0;2024;0;0;1;0
5000.0;1;4;2627.1;1965;30.0;39.3;5;2;57.420556;27.048611;3.0;2024;0;0;1;0
6850.0;1;3;853.4;1970;30.0;25.6;4;1;56.851111;26.219444;3.0;2024;0;0;1;0
13000.0;1;6;3623.4;1990;10.0;31.0;5;1;57.1725;26.761111;4.0;2024;0;0;1;0
19000.0;1;5;5105.0;1975;16.0;34.2;4;1;57.3125;25.275278;2.0;2024;0;0;1;0
15000.0;1;5;3593.8;1979;33.0;38.8;7;2;57.420556;27.048611;5.0;2024;0;1;0;0
27500.0;1;3;1343.6;1972;15.0;54.3;6;2;57.420556;27.048611;2.0;2024;0;0;1;0
56500.0;1;3;1303.9;1960;27.0;44.6;3;2;57.3125;25.275278;3.0;2024;0;0;1;0
20000.0;1;5;5105.0;1975;16.0;34.5;4;1;57.3125;25.275278;2.0;2024;0;1;0;0
2600.0;2;2;219.8;1920;60.0;20.1;2;1;57.511389;24.719167;1.0;2024;0;0;1;0
57000.0;1;4;2517.4;1973;30.0;55.7;7;2;57.3125;25.275278;3.0;2024;0;1;0;0
25500.0;1;5;4018.8;1975;25.0;34.1;4;1;56.851111;26.219444;3.0;2024;0;1;0;0
62000.0;1;6;4240.6;1978;29.0;66.2;8;3;56.851111;26.219444;1.0;2024;0;1;0;0
25000.0;1;3;1271.6;1960;30.0;39.2;5;2;57.3125;25.275278;1.0;2024;0;1;0;0
12000.0;1;5;4940.2;1982;15.0;52.1;8;2;57.420556;27.048611;4.0;2024;0;1;0;0
12950.0;1;5;3527.5;1980;20.0;28.9;4;1;57.420556;27.048611;5.0;2024;0;1;0;0
5713.0;1;3;2194.1;1963;36.0;56.3;8;3;57.420556;27.048611;2.0;2019;0;0;0;1
3000.0;1;3;1178.5;1989;15.0;33.6;5;1;57.420556;27.048611;1.0;2024;0;1;0;0
11000.0;1;4;2182.0;1980;30.0;33.5;5;1;57.511389;24.719167;3.0;2024;0;1;0;0
19600.0;1;4;3314.0;1973;30.0;51.8;7;2;57.3125;25.275278;3.0;2024;0;1;0;0
6900.0;1;2;688.6;1987;30.0;47.8;6;2;57.3125;25.275278;1.0;2024;0;1;0;0
13500.0;1;5;2722.4;1966;25.0;39.5;6;2;56.851111;26.219444;5.0;2024;0;1;0;0
20605.0;1;5;3635.2;1977;20.0;61.8;8;3;57.1725;26.761111;3.0;2024;0;1;0;0
36000.0;1;3;1337.6;1974;25.0;53.3;8;2;56.851111;26.219444;1.0;2024;0;1;0;0
44000.0;1;5;5024.9;1970;25.0;71.8;8;4;57.420556;27.048611;5.0;2024;0;1;0;0
54000.0;1;5;3543.0;1977;20.0;60.6;8;3;56.851111;26.219444;2.0;2024;0;1;0;0
2500.0;1;3;1815.7;1983;20.0;40.8;6;1;56.851111;26.219444;1.0;2024;0;1;0;0
12000.0;1;3;2734.6;1984;29.0;35.9;7;1;56.851111;26.219444;2.0;2024;0;1;0;0
28000.0;1;3;1221.1;1988;34.0;74.4;11;3;57.420556;27.048611;1.0;2024;0;1;0;0
3363.0;2;3;1740.3;1985;20.0;29.0;4;1;57.420556;27.048611;3.0;2024;0;0;1;0
10100.0;1;3;853.4;1970;30.0;21.4;4;1;56.851111;26.219444;2.0;2024;0;1;0;0
9800.0;1;6;3623.4;1990;10.0;33.7;5;2;57.1725;26.761111;5.0;2024;0;1;0;0
14000.0;1;3;1707.3;1969;25.0;46.0;6;2;57.420556;27.048611;2.0;2024;0;1;0;0
2000.0;1;2;461.4;1979;30.0;69.7;8;3;56.851111;26.219444;1.0;2024;0;1;0;0
22000.0;1;5;1954.7;1991;5.0;33.8;5;1;57.3125;25.275278;4.0;2024;0;1;0;0
10000.0;1;3;1632.6;1986;5.0;52.4;7;2;57.424167;25.906667;2.0;2024;0;1;0;0
11000.0;1;5;3628.2;1988;5.0;63.2;8;3;57.420556;27.048611;5.0;2024;0;1;0;0
46500.0;1;3;2658.7;1986;15.0;84.3;13;4;56.851111;26.219444;1.0;2024;0;1;0;0
64000.0;1;3;1210.2;1970;14.0;57.7;7;3;57.3125;25.275278;3.0;2024;0;1;0;0
31500.0;4;3;1229.9;1961;45.0;29.1;5;1;57.3125;25.275278;2.0;2024;0;1;0;0
49700.0;1;4;2517.4;1973;30.0;55.4;7;2;57.3125;25.275278;3.0;2024;0;1;0;0
35000.0;1;6;3623.4;1990;10.0;71.0;8;3;57.1725;26.761111;4.0;2024;0;1;0;0
20000.0;2;3;562.6;1963;30.0;48.7;6;2;57.420556;27.048611;3.0;2024;0;1;0;0
10000.0;1;3;841.3;1973;40.0;26.3;4;1;57.511389;24.719167;2.0;2024;0;1;0;0
24000.0;1;3;1380.7;1972;20.0;55.1;7;2;57.420556;27.048611;2.0;2024;0;1;0;0
26000.0;1;3;1598.8;1985;15.0;55.7;9;2;57.1725;26.761111;2.0;2024;0;0;0;1
30000.0;1;5;3760.7;1987;15.0;42.3;7;1;57.3125;25.275278;5.0;2024;0;0;0;1
13300.0;1;2;688.6;1987;30.0;47.8;6;2;57.3125;25.275278;1.0;2024;0;0;0;1
25000.0;1;4;5755.1;1985;10.0;46.3;6;2;57.420556;27.048611;4.0;2024;0;0;0;1
51700.0;1;5;5665.1;1982;16.0;64.3;8;3;57.511389;24.719167;1.0;2024;0;0;0;1
10000.0;2;2;1258.1;1982;10.0;189.6;16;3;57.420556;27.048611;0.5;2024;0;0;0;1
12017.42;1;5;3835.4;1977;30.0;65.2;8;3;57.751667;24.357222;1.0;2024;0;0;0;1
6000.0;1;3;841.3;1973;40.0;26.2;4;1;57.511389;24.719167;3.0;2024;0;0;0;1
54000.0;1;4;1729.7;1976;10.0;50.8;7;2;57.424167;25.906667;3.0;2024;0;0;0;1
19500.0;1;9;2232.3;1968;20.0;48.1;6;2;56.604167;25.255278;5.0;2023;0;0;0;1
25000.0;1;9;2259.6;1968;31.0;60.1;6;4;56.604167;25.255278;8.0;2023;0;0;0;1
35500.0;1;3;2363.8;1974;15.0;61.6;8;2;56.624167;23.28;1.0;2023;0;0;0;1
15000.0;1;2;925.2;1952;45.0;81.2;8;3;56.624167;23.28;1.0;2024;0;0;0;1
9735.0;1;5;3889.5;1974;30.0;36.3;6;1;56.604167;25.255278;3.0;2023;0;0;0;1
6500.0;1;3;1943.6;1978;20.0;35.4;4;1;56.406944;24.186389;2.0;2024;0;0;0;1
20000.0;1;5;3366.5;1971;30.0;40.4;5;2;56.604167;25.255278;2.0;2023;0;0;0;1
8700.0;1;5;3307.1;1965;15.0;44.7;6;2;56.624167;23.28;1.0;2019;0;0;0;1
15900.0;1;5;3994.3;1977;25.0;34.2;4;1;56.624167;23.28;5.0;2024;0;0;0;1
6000.0;1;3;2062.9;1973;10.0;35.6;4;1;56.624167;23.28;1.0;2024;0;0;0;1
17000.0;1;5;3209.1;1978;15.0;46.1;7;2;56.604167;25.255278;5.0;2024;0;0;0;1
50000.0;2;3;1313.5;1986;10.0;67.6;8;3;56.624167;23.28;1.0;2024;0;0;0;1
7000.0;1;5;4254.3;1989;10.0;36.8;4;1;56.624167;23.28;4.0;2024;0;0;0;1
17000.0;1;5;3332.0;1964;20.0;58.2;7;3;56.624167;23.28;1.0;2024;0;0;0;1
9000.0;1;3;1798.6;1961;15.0;37.6;5;2;56.624167;23.28;3.0;2024;0;0;0;1
36000.0;1;3;2363.8;1974;15.0;91.9;10;4;56.624167;23.28;2.0;2024;0;0;0;1
12500.0;1;3;942.9;1961;35.0;43.0;5;2;56.624167;23.28;1.0;2024;0;0;0;1
25000.0;1;3;942.9;1961;35.0;67.1;6;3;56.624167;23.28;2.0;2024;0;0;0;1
24500.0;1;3;1156.5;1990;15.0;49.2;6;2;56.406944;24.186389;3.0;2024;0;0;0;1
17000.0;1;5;3016.7;1990;10.0;33.5;5;1;56.624167;23.28;4.0;2024;0;0;0;1
4913.0;1;5;3877.8;1967;30.0;45.4;6;1;56.604167;25.255278;1.0;2024;0;0;0;1
28500.0;2;3;653.5;1960;25.0;47.5;7;2;56.406944;24.186389;2.0;2024;0;0;0;1
12800.0;2;3;1313.5;1986;10.0;54.3;7;2;56.624167;23.28;2.0;2020;0;0;0;1
50000.0;1;5;2023.8;1984;30.0;67.6;8;3;56.406944;24.186389;4.0;2024;0;0;0;1
11135.0;1;5;2702.7;1961;30.0;42.7;6;2;56.604167;25.255278;3.0;2024;0;0;0;1
35000.0;1;5;3889.5;1974;30.0;46.7;3;2;56.604167;25.255278;1.0;2024;0;0;0;1
19200.0;1;5;5147.2;1972;30.0;44.5;6;2;56.604167;25.255278;5.0;2024;1;0;0;0
20000.0;1;3;1798.6;1961;15.0;28.4;4;1;56.624167;23.28;3.0;2024;1;0;0;0
25500.0;1;5;3877.8;1967;30.0;52.2;6;2;56.604167;25.255278;2.0;2024;1;0;0;0
4000.0;1;5;4769.0;1973;33.0;26.5;4;1;56.604167;25.255278;4.0;2024;1;0;0;0
28500.0;1;5;2895.1;1974;30.0;69.7;6;2;56.604167;25.255278;5.0;2024;1;0;0;0
36000.0;1;3;2711.9;1992;5.0;55.1;7;2;56.624167;23.28;1.0;2024;1;0;0;0
8100.0;1;5;2938.0;1987;20.0;37.1;5;1;56.406944;24.186389;2.0;2024;1;0;0;0
12493.0;1;5;5147.2;1972;30.0;53.2;7;2;56.604167;25.255278;4.0;2024;1;0;0;0
33500.0;1;6;5545.6;1976;31.0;47.0;6;2;56.406944;24.186389;4.0;2024;1;0;0;0
5000.0;1;5;3369.8;1962;30.0;29.5;4;2;56.604167;25.255278;2.0;2024;1;0;0;0
7000.0;1;5;3332.0;1964;20.0;25.0;5;1;56.624167;23.28;4.0;2024;1;0;0;0
7000.0;1;5;3480.2;1968;30.0;42.3;6;2;56.604167;25.255278;3.0;2024;1;0;0;0
33000.0;1;5;1603.0;1992;5.0;59.9;7;3;56.604167;25.255278;3.0;2024;1;0;0;0
48000.0;1;3;1887.6;1976;27.0;92.3;10;4;56.624167;23.28;3.0;2024;1;0;0;0
16000.0;1;5;2974.4;1985;16.0;34.2;5;1;56.624167;23.28;5.0;2024;1;0;0;0
10500.0;1;5;3889.5;1974;30.0;50.9;8;2;56.604167;25.255278;5.0;2024;1;0;0;0
57000.0;1;3;1604.7;1988;10.0;76.6;6;2;56.406944;24.186389;3.0;2024;1;0;0;0
33000.0;1;5;5330.3;1977;25.0;80.5;9;4;56.604167;25.255278;3.0;2024;1;0;0;0
14500.0;1;5;4546.7;1984;30.0;36.5;4;1;56.406944;24.186389;3.0;2024;1;0;0;0
18600.0;1;5;2149.5;1971;25.0;34.2;6;2;56.604167;25.255278;3.0;2024;1;0;0;0
50000.0;1;3;2050.1;1981;15.0;68.9;9;3;56.624167;23.28;2.0;2024;1;0;0;0
15000.0;1;5;1993.1;1982;30.0;34.9;5;1;56.406944;24.186389;4.0;2024;1;0;0;0
19500.0;1;5;2758.6;1989;20.0;48.4;7;2;56.624167;23.28;2.0;2024;1;0;0;0
37000.0;1;3;2711.9;1992;5.0;70.6;8;3;56.624167;23.28;1.0;2024;1;0;0;0
41000.0;1;5;2408.9;1964;20.0;56.5;8;3;56.624167;23.28;2.0;2024;1;0;0;0
15000.0;1;3;1387.1;1980;25.0;69.5;9;3;56.406944;24.186389;1.0;2024;1;0;0;0
5000.0;1;5;2674.4;1962;20.0;40.6;5;2;56.604167;25.255278;1.0;2024;1;0;0;0
5000.0;1;5;5147.2;1972;30.0;30.6;4;1;56.604167;25.255278;1.0;2024;1;0;0;0
14000.0;1;5;3475.2;1968;20.0;41.0;5;2;56.604167;25.255278;2.0;2024;1;0;0;0
18700.0;1;5;3332.0;1964;20.0;57.1;8;3;56.624167;23.28;4.0;2019;1;0;0;0
12500.0;1;5;3432.1;1962;30.0;43.7;5;2;56.604167;25.255278;1.0;2024;1;0;0;0
23000.0;1;3;1798.6;1961;15.0;40.1;5;2;56.624167;23.28;2.0;2024;1;0;0;0
22000.0;1;5;3518.0;1971;30.0;44.3;7;2;56.604167;25.255278;4.0;2024;1;0;0;0
17600.0;1;5;3501.0;1961;29.0;42.7;5;2;56.604167;25.255278;3.0;2024;1;0;0;0
25825.0;1;3;1649.7;1985;15.0;54.7;7;2;56.624167;23.28;2.0;2024;1;0;0;0
13000.0;1;9;2259.6;1968;31.0;32.8;5;1;56.604167;25.255278;2.0;2024;1;0;0;0
17500.0;1;5;3472.8;1962;25.0;42.6;6;2;56.604167;25.255278;5.0;2024;1;0;0;0
47000.0;1;5;3877.8;1967;30.0;63.3;8;3;56.604167;25.255278;2.0;2024;0;0;1;0
35000.0;1;5;2359.5;1965;20.0;54.7;7;3;56.624167;23.28;1.0;2024;0;0;1;0
16000.0;1;3;851.2;1967;20.0;27.5;4;1;56.624167;23.28;2.0;2024;0;0;1;0
25000.0;1;5;3366.5;1971;30.0;41.0;5;2;56.604167;25.255278;5.0;2024;0;0;1;0
1000.0;1;5;2377.3;1981;30.0;23.3;4;1;56.604167;25.255278;5.0;2024;0;0;1;0
35642.0;1;3;2711.9;1992;5.0;59.9;8;2;56.624167;23.28;1.0;2024;0;0;1;0
20000.0;1;9;2476.8;1972;20.0;57.8;7;3;56.604167;25.255278;6.0;2024;0;0;1;0
6000.0;1;9;2274.9;1984;15.0;46.9;6;2;56.604167;25.255278;4.0;2024;0;0;1;0
13000.0;1;5;2537.6;1970;30.0;49.4;7;2;56.406944;24.186389;5.0;2024;1;0;0;0
15000.0;1;3;1839.0;1980;30.0;60.5;8;2;56.624167;23.28;1.0;2024;0;0;1;0
43000.0;2;3;1313.5;1986;10.0;54.3;7;2;56.624167;23.28;2.0;2024;0;0;1;0
3600.0;1;3;828.2;1975;20.0;19.2;4;1;56.406944;24.186389;1.0;2024;0;0;1;0
28100.0;1;6;5545.6;1976;31.0;53.5;7;2;56.406944;24.186389;4.0;2024;0;0;1;0
17000.0;1;5;3332.0;1964;20.0;47.5;7;2;56.624167;23.28;2.0;2024;0;0;1;0
6000.0;1;5;3462.5;1965;30.0;29.0;4;1;56.604167;25.255278;2.0;2024;0;0;1;0
33000.0;1;5;2938.0;1987;20.0;50.8;7;2;56.406944;24.186389;5.0;2024;0;0;1;0
22000.0;1;5;5699.6;1975;30.0;37.5;5;1;56.604167;25.255278;5.0;2024;0;0;1;0
19000.0;1;2;929.3;1952;45.0;58.6;8;2;56.624167;23.28;1.0;2024;0;0;1;0
21000.0;1;5;3365.2;1965;14.0;40.2;5;2;56.604167;25.255278;1.0;2024;0;0;1;0
13000.0;1;5;2876.2;1990;10.0;36.3;5;1;56.406944;24.186389;5.0;2024;0;0;1;0
13800.0;1;5;7475.8;1987;24.0;35.9;4;1;56.624167;23.28;2.0;2024;0;0;1;0
11335.0;1;5;3480.2;1968;30.0;43.2;6;2;56.604167;25.255278;2.0;2024;0;0;1;0
5000.0;1;5;3366.5;1971;30.0;29.2;4;1;56.604167;25.255278;3.0;2024;0;0;1;0
5700.0;1;5;7475.8;1987;24.0;36.7;4;1;56.624167;23.28;1.0;2019;0;0;1;0
23000.0;1;3;1762.7;1978;15.0;59.5;8;2;56.624167;23.28;1.0;2024;0;0;1;0
12000.0;1;5;5699.6;1975;30.0;53.2;7;2;56.604167;25.255278;2.0;2024;0;0;1;0
10200.0;1;5;3003.3;1987;17.0;68.8;8;3;56.624167;23.28;5.0;2019;0;0;1;0
15000.0;1;3;2062.9;1973;10.0;54.9;7;2;56.624167;23.28;1.0;2024;0;0;1;0
3000.0;2;2;282.9;1956;40.0;29.7;5;1;56.406944;24.186389;2.0;2024;0;0;1;0
40000.0;1;5;4988.3;1976;26.0;55.0;7;2;56.624167;23.28;4.0;2024;0;0;1;0
9750.0;1;2;886.0;1952;45.0;81.2;9;3;56.624167;23.28;2.0;2024;0;0;1;0
25000.0;1;5;3014.1;1991;10.0;68.9;8;3;56.624167;23.28;1.0;2024;0;0;1;0
35000.0;1;5;3003.3;1987;17.0;87.8;11;4;56.624167;23.28;2.0;2024;0;1;0;0
5000.0;1;5;3291.5;1980;10.0;34.8;6;2;56.604167;25.255278;1.0;2024;0;1;0;0
35000.0;1;5;2963.3;1988;10.0;68.5;8;3;56.624167;23.28;4.0;2024;0;1;0;0
2000.0;1;4;1061.3;1971;30.0;27.9;4;1;56.604167;25.255278;1.0;2024;0;1;0;0
3000.0;2;2;296.2;1961;30.0;58.6;6;3;56.624167;23.28;1.0;2024;0;1;0;0
29800.0;1;5;3307.1;1965;15.0;45.1;6;2;56.624167;23.28;1.0;2024;0;1;0;0
20000.0;1;6;5545.6;1976;31.0;90.7;12;4;56.406944;24.186389;5.0;2024;0;1;0;0
4000.0;1;5;3291.5;1980;10.0;34.8;6;2;56.604167;25.255278;1.0;2024;0;1;0;0
12493.0;1;5;2895.1;1974;30.0;48.7;7;2;56.604167;25.255278;5.0;2024;0;1;0;0
2900.0;1;5;2377.3;1981;30.0;23.3;4;1;56.604167;25.255278;5.0;2024;0;1;0;0
7000.0;1;5;2674.4;1962;20.0;30.1;4;1;56.604167;25.255278;5.0;2024;0;1;0;0
10500.0;1;4;1014.9;1970;30.0;45.9;5;2;56.406944;24.186389;1.0;2024;0;1;0;0
14000.0;1;5;4010.5;1976;30.0;55.8;7;2;56.624167;23.28;5.0;2024;0;1;0;0
12500.0;1;5;3433.8;1962;30.0;43.7;5;2;56.604167;25.255278;1.0;2024;0;1;0;0
5410.0;1;2;911.6;1952;45.0;82.4;9;3;56.624167;23.28;2.0;2024;0;1;0;0
4500.0;1;2;911.6;1952;45.0;82.4;9;3;56.624167;23.28;2.0;2024;0;1;0;0
60000.0;1;5;5410.2;1971;30.0;89.8;9;4;56.604167;25.255278;3.0;2024;0;1;0;0
14900.0;1;5;3472.8;1962;25.0;43.0;6;2;56.604167;25.255278;3.0;2024;0;1;0;0
24000.0;1;5;5699.6;1975;30.0;53.2;7;2;56.604167;25.255278;4.0;2024;0;1;0;0
21600.0;1;5;3776.5;1993;20.0;52.1;7;2;56.406944;24.186389;4.0;2024;0;1;0;0
31700.0;1;5;2023.8;1984;30.0;63.4;8;3;56.406944;24.186389;1.0;2024;0;1;0;0
29000.0;1;6;4151.8;1974;25.0;55.1;7;2;56.624167;23.28;2.0;2024;0;1;0;0
22500.0;1;5;3776.5;1993;20.0;52.1;7;2;56.406944;24.186389;4.0;2024;0;1;0;0
13500.0;1;2;886.0;1952;45.0;81.2;9;3;56.624167;23.28;2.0;2024;0;1;0;0
43500.0;1;6;5545.6;1976;31.0;66.0;8;3;56.406944;24.186389;4.0;2024;0;1;0;0
15500.0;1;5;2911.2;1990;15.0;36.7;5;1;56.624167;23.28;4.0;2024;0;1;0;0
14000.0;1;2;546.0;1965;35.0;38.4;5;2;56.406944;24.186389;2.0;2024;0;1;0;0
22800.0;1;5;4010.5;1976;30.0;55.8;7;2;56.624167;23.28;5.0;2024;0;1;0;0
11500.0;1;3;1604.7;1988;10.0;58.0;7;2;56.406944;24.186389;3.0;2024;0;1;0;0
43000.0;1;3;1151.2;1982;30.0;67.1;9;3;56.406944;24.186389;3.0;2024;0;1;0;0
6000.0;1;3;851.2;1967;20.0;26.0;4;1;56.624167;23.28;3.0;2024;0;1;0;0
9000.0;1;3;851.2;1967;20.0;26.1;4;1;56.624167;23.28;2.0;2024;0;1;0;0
10493.0;1;5;3476.7;1968;20.0;42.8;6;2;56.604167;25.255278;5.0;2024;0;1;0;0
16000.0;1;5;2865.4;1984;15.0;31.9;5;1;56.624167;23.28;2.0;2024;0;0;0;1
5000.0;1;4;1014.9;1970;30.0;35.0;4;1;56.406944;24.186389;1.0;2024;0;0;0;1
5000.0;1;5;4769.0;1973;33.0;34.8;7;2;56.604167;25.255278;2.0;2024;0;0;0;1
33500.0;1;5;3994.3;1977;25.0;55.7;7;2;56.624167;23.28;5.0;2024;0;1;0;0
