Darījuma summa, EUR;Pārdotā zemes kopplatība, m2;Būvju skaits;Būves virszemes stāvu skaits;Būves kopplatība, m2;Būves ekspluatācijas uzsākšanas gads;Būves fiziskais nolietojums, %;Telpu grupas platība, m2;Telpu skaits telpu grupā;Istabu skaits dzīvoklī;Garums;Platums;Telpu grupas vidējais stāvs;Gads;sezona_Pavasaris;sezona_Rudens;sezona_Vasara;sezona_Ziema
42000.0;54.1;1;5;3404.8;1968;25.0;59.0;7;3;56.966667;23.153333;1.0;2023;0;0;0;1
8600.0;38.24;1;5;4169.8;1983;20.0;42.1;6;1;56.68;22.568333;3.0;2023;0;0;0;1
20500.0;179.72;1;4;2842.5;1972;30.0;57.8;8;3;57.0375;22.775;2.0;2023;0;0;0;1
25000.0;206.09;1;3;1295.7;1976;20.0;48.9;8;2;57.0375;22.775;2.0;2023;0;0;0;1
3380.0;41.45;2;2;177.4;1900;45.0;10.6;1;1;56.966667;23.153333;2.0;2023;0;1;0;0
68850.0;195.56;1;5;3564.9;2003;0.0;90.2;11;3;56.68;22.568333;1.0;2023;0;0;0;1
20200.0;18.14;1;5;4117.1;1971;45.0;55.6;7;2;56.968611;21.971667;3.0;2024;0;0;0;1
1500.0;33.83;2;2;213.0;1890;60.0;17.1;3;1;57.246667;22.588611;2.0;2024;0;0;0;1
20000.0;59.81;2;3;866.4;1900;35.0;32.2;6;1;56.968611;21.971667;2.0;2024;0;0;0;1
20160.0;86.23;1;3;1294.2;1960;20.0;38.3;5;2;56.966667;23.153333;3.0;2023;0;0;0;1
25100.0;48.98;1;5;3360.0;1977;10.0;44.8;6;2;56.966667;23.153333;1.0;2023;0;0;0;1
16000.0;268.58;3;2;379.1;1963;20.0;43.0;5;2;56.535;21.166111;2.0;2024;0;0;0;1
10500.0;20.49;1;4;3000.3;1970;30.0;46.6;6;2;56.968611;21.971667;3.0;2024;0;0;0;1
25000.0;18.08;1;5;2532.5;1967;30.0;48.9;7;2;56.968611;21.971667;3.0;2024;0;0;0;1
2500.0;34.17;1;5;3521.3;1977;15.0;47.0;7;2;56.68;22.568333;5.0;2024;0;0;0;1
21000.0;48.95;1;5;4805.3;1983;15.0;56.9;7;2;56.68;22.568333;3.0;2024;0;0;0;1
1500.0;131.73;1;2;304.2;1915;65.0;26.7;2;1;56.968611;21.971667;2.0;2024;0;0;0;1
33000.0;60.52;1;3;1275.8;1961;40.0;37.5;5;2;56.966667;23.153333;2.0;2024;0;0;0;1
31000.0;72.66;1;6;4051.6;1978;25.0;54.9;7;2;57.246667;22.588611;1.0;2024;0;0;0;1
2500.0;175.96;1;2;304.2;1915;65.0;36.2;2;1;56.968611;21.971667;2.0;2024;0;0;0;1
7481.5;168.69;3;2;622.7;1971;30.0;35.4;4;1;56.966667;23.153333;2.0;2023;0;0;0;1
79680.82;269.71;1;3;2077.2;1983;15.0;134.1;12;4;57.246667;22.588611;1.5;2008;0;0;0;1
3266.0;80.18;2;3;254.3;1910;55.0;34.4;3;1;57.246667;22.588611;2.0;2024;0;0;0;1
4825.0;115.99;1;3;474.1;1847;55.0;26.9;2;1;57.0375;22.775;1.0;2024;0;0;0;1
20000.0;52.52;1;5;3367.1;1969;10.0;49.1;7;2;56.68;22.568333;5.0;2024;0;0;0;1
23000.0;90.1;1;5;2363.3;1968;40.0;57.9;8;3;57.246667;22.588611;3.0;2024;0;0;0;1
39000.0;189.88;1;2;475.2;1958;31.0;44.7;5;2;56.966667;23.153333;2.0;2024;0;0;0;1
22000.0;43.9;1;5;4797.0;1984;15.0;66.5;8;3;56.68;22.568333;1.0;2024;0;0;0;1
12146.0;56.59;1;5;3521.3;1977;15.0;39.3;6;2;56.68;22.568333;4.0;2023;0;0;0;1
65000.0;72.66;1;6;4051.6;1978;25.0;54.9;7;2;57.246667;22.588611;1.0;2024;0;0;0;1
4300.0;191.01;2;2;467.0;1910;55.0;30.9;3;1;57.246667;22.588611;2.0;2023;0;0;1;0
3000.0;188.86;3;1;178.9;1950;75.0;27.2;2;1;56.666389;22.493611;1.0;2024;0;0;0;1
39900.0;49.71;1;5;4885.0;1988;15.0;45.3;4;2;56.666389;22.493611;3.0;2024;0;0;0;1
10000.0;96.03;2;3;866.4;1900;35.0;51.7;6;2;56.968611;21.971667;2.0;2024;0;0;0;1
3000.0;50.26;2;2;117.7;1886;65.0;15.9;2;1;56.966667;23.153333;2.0;2021;0;0;1;0
3000.0;51.21;2;2;117.7;1886;65.0;16.2;2;1;56.966667;23.153333;2.0;2021;0;0;1;0
2000.0;112.53;4;2;588.2;1750;35.0;44.0;3;1;56.968611;21.971667;1.0;2024;0;0;0;1
19000.0;96.74;3;4;1708.4;1960;18.0;39.8;5;2;56.666389;22.493611;1.0;2024;0;0;0;1
1550.0;126.93;2;2;205.9;1930;55.0;18.4;2;1;57.0375;22.775;1.0;2023;0;0;0;1
15000.0;31.71;1;5;3080.4;1974;20.0;35.2;5;1;56.966667;23.153333;3.0;2024;0;0;0;1
1500.0;313.97;2;2;435.0;1970;40.0;33.2;4;2;56.666389;22.493611;1.0;2017;0;1;0;0
11025.0;308.4;2;2;267.2;1962;30.0;45.9;5;2;56.535;21.166111;2.0;2024;0;0;0;1
9500.0;46.41;1;2;694.8;1963;30.0;31.0;4;1;57.0375;22.775;1.0;2024;0;0;0;1
7000.0;50.75;1;2;694.8;1963;30.0;33.9;3;1;57.0375;22.775;2.0;2024;0;0;0;1
9081.5;267.12;5;1;139.1;1901;55.0;49.1;6;2;56.966667;23.153333;1.0;2024;0;0;0;1
7500.0;279.29;1;3;1820.4;1981;40.0;56.3;8;2;57.0375;22.775;3.0;2024;0;0;0;1
2329.5;41.56;2;2;398.7;1915;55.0;43.7;6;2;56.966667;23.153333;1.0;2024;0;0;0;1
3000.0;60.97;1;3;1776.8;1963;46.0;39.1;5;2;56.68;22.568333;3.0;2024;0;0;0;1
7000.0;246.36;3;2;461.7;1900;40.0;53.1;5;2;56.966667;23.153333;2.0;2024;0;0;0;1
26000.0;108.4;1;3;1493.8;1985;15.0;49.6;8;2;56.666389;22.493611;3.0;2024;0;0;0;1
17046.0;401.77;2;3;674.1;1966;25.0;47.0;7;2;56.68;22.568333;2.0;2023;0;1;0;0
3640.0;84.68;2;3;149.3;1924;55.0;20.3;2;1;56.966667;23.153333;1.0;2024;0;0;0;1
32000.0;74.1;1;6;3121.0;1978;30.0;66.1;8;3;57.246667;22.588611;4.0;2024;0;0;0;1
20250.0;45.64;1;3;873.1;1973;30.0;21.4;4;1;56.966667;23.153333;2.0;2023;0;1;0;0
3000.0;285.58;2;2;205.9;1930;55.0;20.7;2;1;57.0375;22.775;2.0;2024;0;0;0;1
8000.0;144.82;6;2;246.0;1930;50.0;23.6;2;1;56.966667;23.153333;2.0;2024;0;0;0;1
10000.0;44.2;1;4;2349.6;1966;35.0;41.1;6;2;56.68;22.568333;3.0;2024;0;0;0;1
5000.0;257.58;7;2;322.1;1900;55.0;58.5;5;3;56.966667;23.153333;1.0;2023;0;0;1;0
25000.0;38.23;1;6;3121.0;1978;30.0;34.1;4;1;57.246667;22.588611;2.0;2024;0;0;0;1
6000.0;86.9;2;2;248.2;1930;30.0;33.0;4;1;56.968611;21.971667;1.0;2024;0;0;0;1
4300.0;191.01;2;2;467.0;1910;55.0;30.9;3;1;57.246667;22.588611;2.0;2024;0;0;0;1
30000.0;79.61;1;5;6296.6;1979;29.0;52.5;7;2;56.966667;23.153333;4.0;2024;0;0;0;1
25000.0;55.32;1;5;3992.8;1973;30.0;33.8;4;1;56.968611;21.971667;3.0;2024;0;0;0;1
40000.0;22.68;1;5;4037.1;1983;28.0;66.2;8;3;56.968611;21.971667;1.0;2024;0;0;0;1
20000.0;7.64;1;5;3416.8;1970;30.0;25.8;4;1;56.968611;21.971667;5.0;2024;1;0;0;0
2000.0;189.0;6;2;246.0;1930;50.0;30.8;2;1;56.966667;23.153333;2.0;2024;1;0;0;0
21530.42;96.45;1;3;1294.2;1960;20.0;43.4;5;2;56.966667;23.153333;3.0;2024;0;0;0;1
17822.41;222.7;1;2;858.1;1955;35.0;53.3;6;2;56.966667;23.153333;1.0;2024;0;0;0;1
1115.0;109.55;2;2;235.3;1910;55.0;26.0;2;1;57.0375;22.775;1.0;2024;1;0;0;0
33000.0;15.74;1;5;2990.0;1985;30.0;49.2;7;2;56.968611;21.971667;4.0;2024;1;0;0;0
50000.0;52.81;1;6;7190.1;1980;29.0;70.5;7;3;56.966667;23.153333;1.0;2024;1;0;0;0
50000.0;218.23;1;2;311.1;1890;65.0;59.3;5;2;56.968611;21.971667;1.0;2024;1;0;0;0
1422.87;11.41;1;5;4037.1;1983;28.0;33.3;5;1;56.968611;21.971667;5.0;2001;0;1;0;0
2600.0;71.86;3;2;169.9;1904;65.0;33.9;3;1;57.246667;22.588611;1.0;2023;0;1;0;0
1000.0;60.91;1;2;324.7;1900;55.0;18.0;2;1;56.966667;23.153333;2.0;2024;1;0;0;0
11500.0;244.03;3;2;371.8;1960;35.0;40.5;5;2;56.535;21.166111;1.0;2024;1;0;0;0
62500.0;21.88;1;5;2990.0;1985;30.0;68.4;8;3;56.968611;21.971667;2.0;2024;0;0;0;1
30810.0;17.75;1;5;3416.8;1970;30.0;59.9;8;3;56.968611;21.971667;2.0;2024;0;0;0;1
25000.0;58.1;1;5;3759.8;1984;10.0;42.9;5;1;56.535;21.166111;4.0;2024;1;0;0;0
31500.0;42.2;1;4;4657.9;1966;20.0;41.1;5;2;56.966667;23.153333;2.0;2024;1;0;0;0
44000.0;36.46;1;5;3393.7;1971;30.0;56.9;10;3;56.966667;23.153333;5.0;2024;1;0;0;0
2000.0;37.02;1;6;7190.1;1980;29.0;46.9;6;2;56.966667;23.153333;2.0;2024;1;0;0;0
9700.0;22.84;1;5;4797.0;1984;15.0;69.2;9;3;56.68;22.568333;1.0;2023;0;1;0;0
7500.0;54.87;1;2;398.0;1890;60.0;52.5;4;2;56.968611;21.971667;2.0;2024;0;0;0;1
50000.0;105.62;1;5;4711.7;1980;20.0;65.7;8;3;57.246667;22.588611;1.0;2024;1;0;0;0
32000.0;163.9;1;3;1678.4;1983;15.0;66.5;9;3;56.535;21.166111;3.0;2024;1;0;0;0
17145.61;148.49;1;3;1029.3;1962;25.0;84.7;5;3;56.68;22.568333;3.0;2010;0;1;0;0
17300.0;135.11;2;2;601.4;1890;60.0;85.3;8;3;56.966667;23.153333;2.0;2024;1;0;0;0
28000.0;78.9;1;3;1281.1;1961;20.0;38.4;5;2;56.966667;23.153333;2.0;2024;1;0;0;0
1500.0;214.63;2;2;326.4;1958;40.0;41.9;5;1;56.968611;21.971667;1.0;2024;1;0;0;0
28000.0;75.33;1;4;1568.9;1976;15.0;37.3;4;1;56.889167;21.176944;4.0;2024;1;0;0;0
33000.0;61.08;1;4;2124.1;1967;35.0;39.9;7;2;57.246667;22.588611;2.0;2024;1;0;0;0
22981.5;69.89;1;5;4744.3;1986;27.0;49.6;8;2;56.966667;23.153333;3.0;2024;1;0;0;0
13500.0;93.33;3;2;612.7;1882;60.0;31.8;4;2;56.968611;21.971667;1.0;2024;1;0;0;0
23000.0;95.74;1;3;664.7;1966;20.0;34.7;4;1;56.535;21.166111;2.0;2024;1;0;0;0
2200.0;27.0;3;3;483.8;1840;50.0;22.6;2;1;57.0375;22.775;2.0;2024;1;0;0;0
10000.0;54.87;1;2;398.0;1890;60.0;52.5;4;2;56.968611;21.971667;2.0;2024;1;0;0;0
29000.0;275.64;1;2;311.1;1890;65.0;74.9;8;2;56.968611;21.971667;1.0;2023;0;0;0;1
15800.0;98.44;3;4;1708.4;1960;18.0;40.5;5;2;56.666389;22.493611;1.0;2024;1;0;0;0
4000.0;151.97;2;4;2842.5;1972;30.0;49.2;7;2;57.0375;22.775;2.0;2024;1;0;0;0
10000.0;48.2;1;3;217.1;1900;45.0;36.2;5;2;57.0375;22.775;3.0;2024;1;0;0;0
26000.0;104.43;1;4;1686.5;1974;10.0;71.1;9;3;56.966667;23.153333;3.0;2024;1;0;0;0
7000.0;93.17;1;2;433.1;1980;10.0;29.3;4;1;56.666389;22.493611;1.0;2024;1;0;0;0
30000.0;31.59;1;5;3393.7;1971;30.0;49.6;9;2;56.966667;23.153333;4.0;2024;1;0;0;0
10700.0;305.72;2;2;254.2;1910;60.0;104.4;6;3;57.246667;22.588611;1.0;2024;1;0;0;0
5350.0;152.86;2;2;254.2;1910;60.0;52.2;3;1;57.246667;22.588611;1.0;2024;1;0;0;0
2440.0;69.7;2;2;254.2;1910;60.0;23.7;2;1;57.246667;22.588611;2.0;2024;1;0;0;0
29000.0;17.04;1;5;3122.2;1980;45.0;52.2;7;2;56.968611;21.971667;4.0;2024;1;0;0;0
20000.0;43.64;1;5;4797.0;1984;15.0;66.1;9;3;56.68;22.568333;1.0;2024;1;0;0;0
4110.0;117.72;2;2;254.2;1910;60.0;40.1;5;1;57.246667;22.588611;2.0;2024;1;0;0;0
20000.0;56.94;1;3;873.1;1973;30.0;26.7;4;1;56.966667;23.153333;1.0;2024;1;0;0;0
12600.0;80.61;1;3;1324.5;1968;28.0;40.5;5;2;56.535;21.166111;3.0;2024;1;0;0;0
33000.0;65.1;1;5;2935.3;1977;40.0;53.9;9;2;57.0375;22.775;5.0;2024;1;0;0;0
19900.0;117.94;1;3;1169.3;1974;25.0;28.1;4;1;56.535;21.166111;3.0;2024;1;0;0;0
20200.0;104.04;1;5;3085.4;1986;5.0;45.2;6;2;56.966667;23.153333;1.0;2024;1;0;0;0
50000.0;44.06;1;6;3309.7;1976;30.0;47.5;6;2;56.966667;23.153333;2.0;2024;1;0;0;0
19000.0;55.23;1;5;3873.1;1978;20.0;34.0;4;1;56.666389;22.493611;3.0;2024;1;0;0;0
7650.0;12.32;1;3;1941.6;1983;15.0;65.6;7;3;56.968611;21.971667;2.0;2022;0;0;0;1
12740.0;169.43;2;2;439.0;1960;40.0;32.2;3;1;56.666389;22.493611;2.0;2023;0;1;0;0
47000.0;254.16;1;2;275.2;1890;70.0;56.2;5;3;56.968611;21.971667;1.0;2024;1;0;0;0
9000.0;46.31;7;2;662.6;1870;55.0;21.1;4;1;56.968611;21.971667;1.0;2024;1;0;0;0
48000.0;413.34;3;2;288.2;1890;65.0;76.7;8;3;56.968611;21.971667;2.0;2024;1;0;0;0
22500.0;95.04;3;4;1708.4;1960;18.0;39.1;5;2;56.666389;22.493611;3.0;2024;1;0;0;0
3000.0;44.3;1;2;183.3;1918;50.0;37.0;5;2;57.0375;22.775;1.0;2024;1;0;0;0
39000.0;41.48;1;4;4657.9;1966;20.0;40.4;5;2;56.966667;23.153333;1.0;2024;1;0;0;0
3000.0;68.93;1;5;3523.2;1977;15.0;45.8;7;2;56.68;22.568333;3.0;2024;1;0;0;0
3000.0;537.66;3;3;399.8;1920;40.0;36.6;2;1;57.246667;22.588611;3.0;2024;1;0;0;0
36000.0;88.99;1;5;5207.4;1985;31.0;63.4;8;3;56.68;22.568333;3.0;2024;1;0;0;0
28500.0;20.13;1;3;1318.3;1976;30.0;38.3;4;1;56.968611;21.971667;2.0;2024;1;0;0;0
31000.0;17.43;1;5;4041.3;1984;28.0;51.1;7;2;56.968611;21.971667;2.0;2024;1;0;0;0
29000.0;36.58;1;5;2538.9;1970;30.0;45.4;6;2;57.246667;22.588611;1.0;2024;1;0;0;0
2400.0;41.92;1;5;4169.8;1983;20.0;42.1;6;1;56.68;22.568333;3.0;2014;1;0;0;0
20000.0;68.99;1;3;1318.6;1964;35.0;29.6;5;1;57.246667;22.588611;1.0;2024;1;0;0;0
30000.0;59.86;1;6;3123.9;1978;30.0;53.4;7;2;57.246667;22.588611;2.5;2024;1;0;0;0
36000.0;276.59;6;3;640.1;1901;60.0;80.9;5;2;56.968611;21.971667;1.0;2024;1;0;0;0
2000.0;209.37;2;2;247.3;1950;55.0;24.8;3;1;56.666389;22.493611;1.0;2024;1;0;0;0
28600.0;36.94;1;6;7190.1;1980;29.0;46.8;6;2;56.966667;23.153333;5.0;2024;1;0;0;0
6000.0;56.74;1;5;3523.5;1977;15.0;37.7;6;2;56.68;22.568333;5.0;2024;1;0;0;0
6875.0;158.62;3;2;202.5;1886;55.0;24.2;3;1;56.966667;23.153333;1.0;2024;1;0;0;0
18000.0;23.75;1;5;3404.8;1968;25.0;25.9;4;1;56.966667;23.153333;5.0;2024;1;0;0;0
30000.0;275.64;1;2;311.1;1890;65.0;74.9;8;2;56.968611;21.971667;1.0;2024;1;0;0;0
60000.0;217.13;1;2;311.1;1890;65.0;59.0;5;2;56.968611;21.971667;2.0;2024;1;0;0;0
43000.0;22.41;1;5;3087.8;1980;40.0;71.5;8;3;56.968611;21.971667;1.0;2024;1;0;0;0
34000.0;106.49;1;3;1151.7;1972;30.0;58.1;7;2;57.246667;22.588611;2.0;2024;0;0;1;0
35000.0;268.25;2;2;188.5;1983;25.0;49.6;6;2;56.968611;21.971667;1.0;2024;0;0;1;0
62000.0;53.36;1;5;3364.0;1967;33.0;49.4;5;3;56.966667;23.153333;4.0;2024;1;0;0;0
5000.0;72.48;1;2;287.4;1948;50.0;37.4;2;1;56.666389;22.493611;1.0;2024;0;0;1;0
1500.0;264.42;3;3;399.8;1920;40.0;18.0;1;1;57.246667;22.588611;3.0;2024;0;0;1;0
4150.0;30.77;1;2;1328.7;1960;33.0;19.2;3;1;57.0375;22.775;2.0;2024;1;0;0;0
2530.0;47.91;1;2;268.2;1860;40.0;16.8;1;1;57.0375;22.775;2.0;2023;0;0;0;1
50000.0;218.52;2;3;1612.1;1995;10.0;73.4;6;3;56.535;21.166111;1.0;2024;0;0;1;0
1500.0;151.66;2;2;225.1;1876;45.0;69.1;10;3;56.966667;23.153333;0.0;2024;0;0;1;0
40000.0;17.75;1;5;3416.8;1970;30.0;59.9;8;3;56.968611;21.971667;2.0;2024;0;0;1;0
27000.0;32.49;1;6;7095.1;1985;28.0;33.8;5;1;56.966667;23.153333;3.0;2024;0;0;1;0
37000.0;43.99;1;5;3364.0;1967;33.0;47.9;7;2;56.966667;23.153333;2.0;2024;1;0;0;0
22100.0;33.52;1;5;3188.1;1967;30.0;46.8;5;2;56.966667;23.153333;4.0;2024;1;0;0;0
30000.0;68.81;1;4;2789.4;1975;35.0;38.9;4;2;56.666389;22.493611;3.0;2024;0;0;1;0
16000.0;61.09;3;3;643.4;1880;43.0;21.8;6;1;56.968611;21.971667;1.0;2024;0;0;1;0
7000.0;21.53;1;5;4107.0;1975;55.0;67.0;8;3;56.968611;21.971667;4.0;2024;0;0;1;0
26973.71;53.25;1;5;4745.6;1980;20.0;49.3;9;2;56.966667;23.153333;2.0;2024;1;0;0;0
54780.56;105.1;1;5;4980.7;2006;30.0;58.8;6;2;56.666389;22.493611;5.0;2007;1;0;0;0
62100.0;163.04;1;5;3564.9;2003;0.0;75.2;9;3;56.68;22.568333;1.0;2024;0;0;1;0
37000.0;61.14;1;4;2494.8;1980;27.0;53.6;7;2;57.246667;22.588611;3.0;2024;0;0;1;0
4925.0;35.28;4;2;348.4;1924;50.0;20.7;2;1;56.966667;23.153333;1.0;2024;1;0;0;0
21500.0;75.5;1;5;3085.4;1986;5.0;32.8;5;1;56.966667;23.153333;1.0;2024;0;0;1;0
34000.0;14.64;1;4;2315.1;1964;50.0;39.5;5;2;56.968611;21.971667;1.0;2024;0;0;1;0
17000.0;16.49;1;6;4003.7;1982;20.0;46.3;6;2;56.968611;21.971667;4.0;2024;1;0;0;0
10000.0;16.06;1;3;822.5;1971;30.0;26.1;4;1;56.968611;21.971667;3.0;2024;0;0;1;0
8500.0;62.75;2;2;461.0;1907;50.0;27.5;2;1;56.966667;23.153333;1.0;2024;0;0;1;0
1280.58;101.64;1;2;251.8;1870;60.0;24.1;5;1;56.968611;21.971667;2.0;2013;0;1;0;0
25000.0;73.13;1;5;5207.4;1985;31.0;52.1;7;2;56.68;22.568333;5.0;2024;0;0;1;0
26000.0;37.31;1;5;2538.9;1970;30.0;46.9;5;2;57.246667;22.588611;4.0;2020;1;0;0;0
40000.0;42.51;1;4;4657.9;1966;20.0;41.4;6;2;56.966667;23.153333;2.0;2024;0;0;1;0
21300.0;160.23;3;3;866.3;1968;30.0;46.1;6;2;56.535;21.166111;1.0;2024;0;0;1;0
37000.0;16.59;1;5;4151.5;1980;32.0;52.2;7;2;56.968611;21.971667;3.0;2024;0;0;1;0
49000.0;72.62;1;5;3759.8;1984;10.0;53.5;7;2;56.535;21.166111;3.0;2024;0;0;1;0
18000.0;81.62;1;5;3001.3;1978;20.0;45.7;6;2;56.68;22.568333;3.0;2024;0;0;1;0
4042.0;86.71;2;2;461.0;1907;50.0;38.0;3;2;56.966667;23.153333;1.0;2024;0;0;1;0
5000.0;44.87;1;4;4657.9;1966;20.0;43.5;6;2;56.966667;23.153333;4.0;2024;0;0;1;0
29000.0;124.64;2;2;319.3;1952;50.0;60.9;5;2;57.246667;22.588611;2.0;2024;1;0;0;0
46000.0;17.46;1;5;2367.2;1998;10.0;46.4;5;2;56.968611;21.971667;4.0;2024;0;0;1;0
15000.0;81.8;1;5;3001.3;1978;20.0;45.8;6;2;56.68;22.568333;4.0;2024;0;0;1;0
9000.0;334.89;2;2;486.2;1890;60.0;49.6;4;2;56.968611;21.971667;2.0;2024;0;0;1;0
7500.0;300.86;3;2;202.5;1886;55.0;45.9;7;3;56.966667;23.153333;1.0;2024;0;0;1;0
17500.0;214.48;4;3;718.4;1954;30.0;44.7;5;2;56.968611;21.971667;1.0;2024;0;0;1;0
50000.0;93.33;1;6;5213.5;2008;10.0;89.9;3;1;56.68;22.568333;6.0;2024;0;0;1;0
15500.0;147.76;1;2;288.1;1891;50.0;35.6;4;2;56.966667;23.153333;1.0;2024;0;0;1;0
35000.0;166.13;3;3;866.3;1968;30.0;47.8;5;2;56.535;21.166111;3.0;2024;0;0;1;0
3150.0;202.44;2;2;184.6;1880;60.0;23.1;1;1;56.966667;23.153333;2.0;2024;0;0;1;0
30000.0;544.93;2;2;312.6;1970;25.0;48.0;9;2;56.666389;22.493611;2.0;2024;0;0;1;0
4007.65;146.93;2;3;260.9;1908;55.0;16.1;2;1;56.966667;23.153333;2.0;2024;1;0;0;0
30000.0;50.61;1;5;3364.0;1967;33.0;53.5;7;3;56.966667;23.153333;1.0;2024;0;0;1;0
13000.0;11.7;1;5;3899.4;1976;25.0;32.8;4;1;56.968611;21.971667;3.0;2024;0;0;1;0
15500.0;74.47;2;2;303.9;1900;65.0;30.3;2;1;56.968611;21.971667;-1.0;2024;0;0;1;0
3400.0;42.84;2;2;471.3;1921;60.0;31.4;3;1;57.246667;22.588611;2.0;2024;0;0;1;0
3685.0;15.94;1;3;1294.7;1961;50.0;28.7;5;1;56.968611;21.971667;3.0;2024;0;0;1;0
10239.41;281.1;4;2;191.3;1890;50.0;60.2;7;3;56.966667;23.153333;2.0;2024;0;0;1;0
12000.0;56.74;1;5;3523.5;1977;15.0;37.7;6;2;56.68;22.568333;5.0;2024;0;0;1;0
18000.0;316.04;2;3;784.3;1945;60.0;40.4;6;2;56.666389;22.493611;1.0;2024;0;0;1;0
7000.0;53.59;1;2;785.7;1898;55.0;37.5;3;2;56.966667;23.153333;2.0;2024;0;0;1;0
10900.0;83.88;1;2;855.4;1970;39.0;28.9;4;1;56.666389;22.493611;2.0;2024;0;0;1;0
1500.0;27.41;1;2;1328.7;1960;33.0;16.9;3;1;57.0375;22.775;2.0;2024;1;0;0;0
8000.0;73.13;1;5;5207.4;1985;31.0;52.1;7;2;56.68;22.568333;3.0;2024;0;0;1;0
28000.0;41.58;1;4;4657.9;1966;20.0;40.5;5;2;56.966667;23.153333;4.0;2024;0;0;1;0
14228.72;59.53;1;6;3123.9;1978;30.0;53.1;7;2;57.246667;22.588611;5.0;2012;0;1;0;0
8000.0;59.84;1;2;197.4;1897;60.0;17.2;3;1;56.968611;21.971667;2.0;2024;0;0;1;0
20000.0;51.44;1;3;1285.6;1962;15.0;28.5;4;1;56.966667;23.153333;1.0;2024;0;0;1;0
5000.0;101.64;1;2;251.8;1870;60.0;24.1;5;1;56.968611;21.971667;2.0;2024;0;0;1;0
41000.0;709.25;5;2;268.3;1958;40.0;59.8;8;2;56.535;21.166111;2.0;2024;0;0;1;0
8878.0;331.4;3;2;479.7;1930;45.0;48.0;5;3;56.666389;22.493611;1.0;2023;0;0;1;0
1714.0;54.77;2;3;254.3;1910;55.0;23.6;3;1;57.246667;22.588611;1.0;2024;0;0;1;0
2547.0;77.15;2;3;254.3;1910;55.0;32.5;3;1;57.246667;22.588611;2.0;2024;0;0;1;0
1000.0;283.06;1;1;262.4;1973;40.0;58.5;7;2;56.966667;23.153333;1.0;2024;0;0;1;0
20000.0;314.22;1;2;286.8;1959;55.0;49.8;10;2;57.246667;22.588611;2.0;2024;0;0;1;0
5000.0;30.55;1;5;2437.6;1969;30.0;26.5;4;1;57.246667;22.588611;5.0;2024;0;0;1;0
2080.0;66.66;2;3;254.3;1910;55.0;28.6;2;1;57.246667;22.588611;1.0;2024;0;0;1;0
2471.0;79.02;2;3;254.3;1910;55.0;34.0;3;1;57.246667;22.588611;1.0;2024;0;0;1;0
3266.0;80.18;2;3;254.3;1910;55.0;34.4;3;1;57.246667;22.588611;2.0;2024;0;0;1;0
19000.0;199.49;1;4;3316.7;1984;20.0;54.6;7;2;56.889167;21.176944;3.0;2024;1;0;0;0
20000.0;17.91;1;4;2366.8;1964;50.0;44.5;5;2;56.968611;21.971667;1.0;2024;0;0;1;0
14000.0;13.6;1;5;4047.9;1988;24.0;66.9;9;3;56.968611;21.971667;5.0;2024;0;0;1;0
12000.0;13.6;1;5;4047.9;1988;24.0;66.9;9;3;56.968611;21.971667;5.0;2024;0;0;1;0
30000.0;75.01;1;2;1328.7;1960;33.0;44.8;5;2;57.0375;22.775;1.0;2024;0;0;1;0
30000.0;17.93;1;5;2532.5;1967;30.0;48.5;7;2;56.968611;21.971667;1.0;2024;0;0;1;0
8000.0;59.84;1;2;197.4;1897;60.0;17.2;3;1;56.968611;21.971667;2.0;2024;0;0;1;0
39000.0;74.2;1;3;2403.5;1978;15.0;50.5;7;2;56.535;21.166111;3.0;2024;0;0;1;0
10000.0;126.2;1;3;651.6;1963;27.0;32.7;5;1;57.246667;22.588611;2.0;2024;0;0;1;0
2000.0;209.37;2;2;247.3;1950;55.0;24.8;3;1;56.666389;22.493611;1.0;2024;0;0;1;0
1965.0;25.48;1;2;1328.7;1960;33.0;15.9;2;1;57.0375;22.775;1.0;2024;0;0;1;0
10000.0;86.59;1;5;3992.8;1973;30.0;52.9;7;2;56.968611;21.971667;3.0;2024;0;0;1;0
20000.0;199.62;3;2;244.5;1880;50.0;53.4;6;2;56.968611;21.971667;1.0;2024;0;0;1;0
6000.0;127.95;3;2;443.8;1900;30.0;29.7;2;1;57.0375;22.775;2.0;2024;0;0;1;0
16000.0;426.66;2;2;267.2;1962;30.0;63.5;6;3;56.535;21.166111;2.0;2024;0;0;1;0
1000.0;62.75;1;5;3360.0;1977;10.0;57.4;7;3;56.966667;23.153333;1.0;2024;0;0;1;0
15000.0;312.3;8;2;879.6;1950;30.0;45.6;8;2;57.0375;22.775;1.0;2024;0;0;1;0
90000.0;34.18;3;6;6692.4;2008;0.0;81.9;6;2;56.966667;23.153333;3.0;2024;0;0;1;0
14000.0;339.38;2;2;247.3;1950;55.0;40.2;4;2;56.666389;22.493611;1.0;2024;0;0;1;0
19000.0;169.74;3;3;1257.6;1962;30.0;36.1;5;2;56.68;22.568333;2.0;2024;0;0;1;0
16500.0;55.25;1;4;3575.0;1995;5.0;51.8;7;2;56.68;22.568333;1.0;2024;0;0;1;0
24000.0;49.8;1;4;3172.8;1984;25.0;33.3;5;1;56.666389;22.493611;3.0;2024;0;0;1;0
10000.0;98.21;6;3;500.4;1897;33.0;39.3;3;1;56.968611;21.971667;2.0;2024;0;0;1;0
9000.0;45.45;1;5;4408.9;1980;15.0;42.5;6;1;56.68;22.568333;3.0;2024;0;0;1;0
6300.0;227.67;2;2;296.9;1900;65.0;50.9;6;2;57.246667;22.588611;1.0;2024;0;0;1;0
8000.0;82.05;2;2;221.0;1902;45.0;54.6;5;2;56.966667;23.153333;2.0;2024;0;0;1;0
4600.0;271.5;4;2;272.2;1895;70.0;62.2;4;2;57.246667;22.588611;1.0;2023;0;0;1;0
48000.0;17.2;1;5;2492.6;1969;30.0;55.4;8;3;56.968611;21.971667;4.0;2024;0;0;1;0
15000.0;62.78;1;3;1323.3;1964;30.0;29.9;4;1;56.535;21.166111;2.0;2024;0;0;1;0
40600.0;87.93;1;3;1161.5;1976;30.0;46.6;6;2;56.535;21.166111;2.0;2024;0;0;1;0
1500.0;398.67;2;2;165.2;1950;45.0;21.8;2;1;56.666389;22.493611;1.0;2024;0;0;1;0
54000.0;88.68;1;6;4055.5;1978;25.0;70.6;6;3;57.246667;22.588611;5.0;2024;0;0;1;0
9000.0;45.45;1;5;4408.9;1980;15.0;42.5;6;1;56.68;22.568333;2.0;2024;0;0;1;0
18500.0;187.39;1;4;2738.2;1987;10.0;69.9;9;3;56.666389;22.493611;2.0;2017;1;0;0;0
14500.0;105.35;2;2;225.1;1876;45.0;48.0;5;2;56.966667;23.153333;1.0;2024;0;0;1;0
15000.0;49.44;1;5;3310.9;1968;29.0;44.8;6;2;56.68;22.568333;1.0;2024;0;0;1;0
25681.5;79.77;1;5;6296.6;1979;29.0;53.1;7;2;56.966667;23.153333;4.0;2024;0;0;1;0
80000.0;110.21;1;6;4387.9;2007;1.0;63.0;5;3;56.966667;23.153333;2.0;2024;0;0;1;0
21000.0;108.5;4;2;588.2;1750;35.0;43.1;5;2;56.968611;21.971667;2.0;2024;0;0;1;0
5500.0;825.07;1;2;182.3;1930;40.0;31.0;3;1;56.666389;22.493611;2.0;2024;0;0;1;0
10000.0;51.5;5;3;399.1;1915;45.0;39.5;4;2;56.966667;23.153333;2.0;2024;0;0;1;0
17000.0;45.7;1;5;3022.5;1977;30.0;45.3;6;2;56.535;21.166111;2.0;2024;1;0;0;0
7000.0;11.35;1;5;3899.4;1976;25.0;31.8;4;1;56.968611;21.971667;4.0;2024;0;0;1;0
4400.0;126.76;3;2;431.8;1920;65.0;26.8;3;1;56.966667;23.153333;1.0;2024;0;0;1;0
24000.0;57.12;1;4;3107.0;1979;29.0;46.8;6;2;56.666389;22.493611;1.0;2024;0;0;1;0
9000.0;45.45;1;5;4408.9;1980;15.0;42.5;6;1;56.68;22.568333;1.0;2024;0;0;1;0
6000.0;1345.8;1;2;299.2;1790;50.0;92.9;8;4;57.0375;22.775;2.0;2023;0;1;0;0
1300.0;80.49;2;2;283.7;1874;60.0;19.9;2;1;56.968611;21.971667;1.0;2024;0;0;1;0
20000.0;92.68;2;3;683.2;1910;65.0;33.2;3;2;56.968611;21.971667;1.0;2024;0;0;1;0
15000.0;61.38;1;3;1313.6;1966;30.0;29.2;5;1;57.246667;22.588611;1.0;2024;0;0;1;0
5000.0;251.55;2;2;435.0;1970;40.0;26.6;3;1;56.666389;22.493611;2.0;2024;0;0;1;0
13500.0;52.18;1;5;3369.3;1969;10.0;46.2;8;2;56.68;22.568333;3.0;2024;0;0;1;0
3000.0;146.3;9;2;361.9;1906;45.0;43.2;4;2;56.966667;23.153333;1.0;2024;0;0;1;0
47000.0;135.85;3;2;465.3;1930;50.0;44.9;7;2;56.968611;21.971667;2.0;2024;0;0;1;0
18000.0;126.48;1;4;1572.4;1971;29.0;49.9;7;2;56.666389;22.493611;1.0;2024;0;0;1;0
37000.0;182.62;1;4;2842.5;1972;30.0;57.6;10;3;57.0375;22.775;3.0;2024;0;1;0;0
20000.0;23.11;1;5;3404.8;1968;25.0;25.2;4;1;56.966667;23.153333;2.0;2024;0;1;0;0
23400.0;108.17;1;4;3108.2;1974;25.0;54.7;9;2;56.666389;22.493611;4.0;2024;0;0;1;0
36000.0;199.83;3;2;344.2;1860;60.0;50.5;7;2;56.968611;21.971667;1.0;2024;0;0;1;0
10000.0;50.83;1;5;3759.8;1984;10.0;36.2;6;1;56.535;21.166111;4.0;2024;0;1;0;0
11900.0;57.24;1;3;1754.4;1987;10.0;38.0;5;1;56.535;21.166111;1.0;2024;0;0;1;0
35500.0;81.93;1;4;1615.3;1973;30.0;50.7;8;2;56.666389;22.493611;2.0;2024;0;1;0;0
20900.0;73.13;1;5;5207.4;1985;31.0;55.7;7;2;56.68;22.568333;5.0;2024;0;0;1;0
35000.0;114.07;1;4;3448.6;1980;25.0;74.2;9;3;56.666389;22.493611;4.0;2024;0;1;0;0
6113.0;16.78;2;3;285.1;1910;55.0;11.2;1;1;56.968611;21.971667;3.0;2024;0;1;0;0
15434.0;36.41;2;3;285.1;1910;55.0;24.3;2;1;56.968611;21.971667;2.0;2024;0;1;0;0
20453.0;57.69;2;3;285.1;1910;55.0;38.5;4;1;56.968611;21.971667;3.0;2024;0;1;0;0
15000.0;42.83;1;2;546.8;1890;35.0;43.6;5;2;56.968611;21.971667;1.0;2024;0;0;1;0
10000.0;30.28;1;4;1686.5;1974;10.0;39.2;5;1;56.966667;23.153333;1.0;2024;0;0;1;0
11700.0;65.94;1;4;3314.3;1990;5.0;34.4;5;1;56.535;21.166111;2.0;2024;1;0;0;0
14600.0;111.38;1;2;892.7;1975;15.0;41.7;5;2;57.0375;22.775;1.0;2024;0;1;0;0
9200.0;44.52;1;4;2349.6;1966;35.0;42.6;6;2;56.68;22.568333;3.0;2024;0;0;1;0
10000.0;65.1;1;5;2935.3;1977;40.0;53.9;7;2;57.0375;22.775;3.0;2024;0;0;1;0
9000.0;45.45;1;5;4408.9;1980;15.0;42.5;6;1;56.68;22.568333;5.0;2024;0;0;1;0
34000.0;40.11;1;5;6127.6;1976;30.0;55.4;7;2;56.966667;23.153333;3.0;2024;0;1;0;0
30000.0;42.98;1;5;3080.4;1974;20.0;46.9;7;2;56.966667;23.153333;4.0;2024;0;0;1;0
4500.0;82.6;1;3;2676.6;1990;0.0;34.6;7;1;57.0375;22.775;2.0;2024;0;1;0;0
1500.0;89.31;5;2;305.7;1885;70.0;25.1;5;1;56.968611;21.971667;1.0;2024;0;0;1;0
15000.0;177.95;1;3;762.2;1967;30.0;41.2;5;2;56.535;21.166111;1.0;2024;0;1;0;0
32000.0;62.15;1;3;764.7;1959;40.0;47.4;6;2;57.246667;22.588611;2.0;2024;0;1;0;0
14000.0;2678.98;1;1;145.2;1900;45.0;71.4;6;2;56.966667;23.153333;1.0;2024;0;1;0;0
15000.0;50.83;1;5;3759.8;1984;10.0;36.2;6;1;56.535;21.166111;4.0;2024;0;1;0;0
33000.0;77.28;1;5;2514.5;1969;35.0;48.1;7;2;57.246667;22.588611;2.0;2024;0;1;0;0
8281.0;300.96;2;2;164.6;1930;50.0;39.9;5;2;56.666389;22.493611;2.0;2022;1;0;0;0
14000.0;14.83;1;5;3243.2;1970;28.0;25.2;4;1;56.666389;22.493611;3.0;2024;0;1;0;0
25500.0;31.71;1;5;3080.4;1974;20.0;35.2;5;1;56.966667;23.153333;3.0;2024;0;1;0;0
29500.0;104.86;1;3;1769.7;1986;5.0;60.6;9;2;57.0375;22.775;3.0;2024;0;1;0;0
2500.0;99.81;2;2;186.0;1850;25.0;21.3;2;1;56.968611;21.971667;1.0;2024;0;0;1;0
3500.0;69.8;2;2;391.5;1870;36.0;35.9;4;1;56.968611;21.971667;2.0;2024;0;1;0;0
20000.0;37.39;1;5;2538.9;1970;30.0;44.4;7;2;57.246667;22.588611;4.0;2024;0;1;0;0
52000.0;53.07;1;6;2068.0;1984;15.0;69.1;8;3;57.246667;22.588611;2.0;2024;0;1;0;0
19500.0;59.36;4;2;428.0;1910;60.0;24.1;2;1;56.968611;21.971667;2.0;2024;0;0;1;0
5500.0;181.09;3;2;335.9;1972;50.0;50.9;5;2;56.966667;23.153333;1.0;2024;0;1;0;0
14000.0;15.51;1;5;3122.2;1980;45.0;50.9;7;2;56.968611;21.971667;2.0;2024;0;1;0;0
54000.0;43.18;1;6;3502.1;2008;10.0;56.7;6;2;56.966667;23.153333;2.0;2024;0;1;0;0
38000.0;100.86;1;3;1295.2;1962;15.0;53.8;7;3;56.966667;23.153333;3.0;2024;0;1;0;0
18500.0;187.39;1;4;2738.2;1987;10.0;69.9;9;3;56.666389;22.493611;2.0;2024;0;1;0;0
45700.0;213.86;2;2;324.0;1904;40.0;46.6;4;2;56.968611;21.971667;1.0;2024;0;1;0;0
12240.0;250.14;1;2;324.7;1900;55.0;73.1;9;4;56.966667;23.153333;1.0;2024;0;1;0;0
9400.0;77.54;1;2;892.7;1975;15.0;29.1;4;1;57.0375;22.775;1.0;2024;0;1;0;0
35000.0;539.97;2;2;838.4;1987;10.0;71.4;9;3;56.889167;21.176944;2.0;2024;0;1;0;0
31000.0;104.04;1;5;3082.3;1986;5.0;45.2;6;2;56.966667;23.153333;1.0;2024;0;1;0;0
7000.0;100.98;3;3;223.2;1910;60.0;25.3;4;1;57.246667;22.588611;2.0;2024;0;1;0;0
2000.0;146.93;2;3;260.9;1908;55.0;16.1;2;1;56.966667;23.153333;2.0;2024;0;1;0;0
5100.0;81.02;1;5;3565.4;1974;25.0;58.7;7;3;56.68;22.568333;1.0;2024;0;1;0;0
48000.0;20.43;1;5;4244.5;1978;10.0;70.1;8;3;56.968611;21.971667;3.0;2024;0;1;0;0
6700.0;227.1;2;2;247.3;1950;55.0;26.9;2;1;56.666389;22.493611;2.0;2024;0;1;0;0
22500.0;177.95;1;3;762.2;1967;30.0;41.2;5;2;56.535;21.166111;1.0;2024;0;1;0;0
17581.5;41.4;1;5;5184.3;1970;18.0;34.6;6;2;56.966667;23.153333;1.0;2024;0;0;1;0
45000.0;125.62;4;2;588.2;1750;35.0;49.9;5;2;56.968611;21.971667;2.0;2024;0;1;0;0
10000.0;25.7;1;5;6127.6;1976;30.0;34.4;4;1;56.966667;23.153333;3.0;2024;0;1;0;0
70000.0;71.75;1;5;2739.9;1981;29.0;57.9;6;3;56.966667;23.153333;1.0;2024;0;1;0;0
8700.0;57.19;1;5;3523.5;1977;15.0;39.9;6;2;56.68;22.568333;2.0;2024;0;1;0;0
12500.0;207.53;4;2;211.8;1872;60.0;73.8;6;4;56.966667;23.153333;1.0;2024;0;1;0;0
23000.0;53.15;1;5;3584.0;1963;20.0;41.8;5;2;56.966667;23.153333;4.0;2024;0;1;0;0
36500.0;152.35;1;3;1776.8;1963;45.0;92.9;7;3;56.68;22.568333;1.0;2024;0;1;0;0
26480.27;175.72;1;3;2571.4;1987;15.0;68.2;9;3;56.889167;21.176944;1.0;2024;0;1;0;0
21500.0;134.24;1;2;465.7;1880;45.0;47.2;5;2;56.966667;23.153333;2.0;2024;0;1;0;0
15000.0;58.49;1;4;4675.8;1988;10.0;33.3;5;1;56.666389;22.493611;4.0;2024;0;1;0;0
7700.0;154.9;3;3;552.0;1959;45.0;46.9;5;2;56.968611;21.971667;3.0;2024;0;1;0;0
9400.0;92.21;1;3;1323.7;1964;30.0;30.2;4;1;56.535;21.166111;1.0;2024;0;1;0;0
13000.0;190.22;6;2;246.0;1930;50.0;31.0;2;1;56.966667;23.153333;1.0;2024;0;1;0;0
14000.0;98.8;1;3;1279.5;1988;10.0;32.7;6;1;56.535;21.166111;1.0;2024;0;1;0;0
12000.0;42.84;2;2;471.3;1921;60.0;31.4;3;1;57.246667;22.588611;2.0;2024;0;1;0;0
40000.0;198.57;1;4;3316.7;1984;20.0;50.8;6;2;56.889167;21.176944;4.0;2024;0;1;0;0
6000.0;85.57;1;3;1323.0;1973;25.0;48.6;11;2;56.535;21.166111;2.0;2021;1;0;0;0
2450.97;73.9;2;2;213.0;1890;60.0;39.5;4;1;57.246667;22.588611;1.0;2024;0;1;0;0
30000.0;56.24;1;5;5184.3;1970;18.0;49.1;7;2;56.966667;23.153333;2.0;2024;0;1;0;0
5500.0;122.76;1;4;2101.5;1971;27.0;47.5;7;2;56.68;22.568333;2.0;2024;0;1;0;0
42000.0;225.35;2;3;761.7;1959;20.0;47.9;5;2;56.966667;23.153333;1.0;2024;0;1;0;0
18000.0;311.45;1;2;982.3;1989;10.0;49.8;7;2;56.889167;21.176944;2.0;2024;0;1;0;0
50000.0;19.08;1;5;3967.4;1971;25.0;51.5;7;2;56.968611;21.971667;3.0;2024;0;1;0;0
55000.0;136.65;1;4;3108.2;1974;25.0;66.7;10;3;56.666389;22.493611;2.0;2024;0;1;0;0
4900.0;194.31;2;2;346.3;1930;45.0;47.9;5;2;56.666389;22.493611;1.0;2024;0;1;0;0
4200.0;148.78;3;2;344.2;1860;60.0;37.6;4;2;56.968611;21.971667;1.0;2019;0;1;0;0
35000.0;54.68;1;5;6024.5;1990;16.0;53.6;7;2;56.968611;21.971667;2.0;2024;0;1;0;0
33000.0;15.9;1;5;4037.1;1983;28.0;45.5;6;2;56.968611;21.971667;5.0;2024;0;1;0;0
72000.0;103.32;1;3;529.8;2006;14.0;74.5;5;3;57.246667;22.588611;2.0;2024;0;1;0;0
6840.0;21.62;1;3;855.2;1960;35.0;11.7;3;1;56.68;22.568333;3.0;2024;0;1;0;0
8140.0;119.16;2;3;790.0;1930;55.0;34.4;2;1;56.666389;22.493611;2.0;2024;0;1;0;0
11000.0;11.25;1;5;4107.0;1975;55.0;35.0;5;1;56.968611;21.971667;3.0;2024;0;1;0;0
25000.0;198.04;1;4;3316.7;1984;20.0;54.1;7;2;56.889167;21.176944;3.0;2024;0;1;0;0
1500.0;527.44;2;2;191.9;1940;50.0;37.7;3;2;56.666389;22.493611;1.0;2017;0;1;0;0
16500.0;23.04;1;3;1294.7;1961;50.0;41.5;6;2;56.968611;21.971667;1.0;2024;0;1;0;0
8000.0;48.17;1;3;1765.3;1970;25.0;29.2;4;1;56.535;21.166111;2.0;2024;0;1;0;0
16500.0;23.04;1;3;1294.7;1961;50.0;41.5;6;2;56.968611;21.971667;1.0;2024;0;1;0;0
25000.0;84.71;1;3;1313.6;1966;30.0;40.4;6;2;57.246667;22.588611;3.0;2024;0;1;0;0
9020.0;52.86;1;3;855.2;1960;35.0;28.6;5;2;56.68;22.568333;2.0;2024;0;1;0;0
12000.0;308.4;2;2;267.2;1962;30.0;45.9;5;2;56.535;21.166111;2.0;2024;0;1;0;0
47000.0;39.59;1;5;6127.6;1976;30.0;54.7;7;2;56.966667;23.153333;4.0;2024;0;1;0;0
74000.0;33.26;3;6;6692.4;2008;0.0;79.5;7;2;56.966667;23.153333;2.0;2024;0;1;0;0
25000.0;259.29;2;2;324.0;1904;40.0;56.5;6;2;56.968611;21.971667;1.0;2024;0;1;0;0
10000.0;15.21;1;3;1743.9;1970;33.0;28.8;4;1;56.968611;21.971667;2.0;2024;0;1;0;0
30000.0;20.05;1;4;3000.3;1970;30.0;45.6;6;2;56.968611;21.971667;3.0;2024;0;0;1;0
31000.0;85.01;1;4;3575.0;1995;5.0;77.4;11;4;56.68;22.568333;2.0;2024;0;1;0;0
51000.0;426.87;1;3;1820.4;1981;40.0;83.4;8;4;57.0375;22.775;2.0;2024;0;1;0;0
8000.0;150.78;1;2;321.2;1930;55.0;49.0;5;1;56.966667;23.153333;1.0;2024;0;1;0;0
17100.0;89.7;1;5;3523.5;1977;15.0;59.6;7;3;56.68;22.568333;1.0;2024;0;0;1;0
5000.0;105.32;1;2;892.7;1975;15.0;39.5;5;2;57.0375;22.775;2.0;2024;0;1;0;0
3000.0;39.33;1;5;3565.4;1974;25.0;28.5;4;1;56.68;22.568333;1.0;2024;0;1;0;0
8500.0;82.11;1;3;2676.6;1990;0.0;34.6;7;1;57.0375;22.775;3.0;2024;0;1;0;0
31800.0;64.06;1;5;3369.3;1969;10.0;57.2;8;3;56.68;22.568333;5.0;2024;0;1;0;0
5000.0;527.44;2;2;191.9;1940;50.0;37.7;3;2;56.666389;22.493611;1.0;2024;0;1;0;0
12000.0;119.65;1;2;777.6;1962;35.0;26.6;4;1;56.68;22.568333;2.0;2023;0;0;0;1
20000.0;131.53;1;2;401.6;1965;30.0;49.8;6;2;57.0375;22.775;1.0;2024;0;1;0;0
18200.0;137.2;2;3;739.8;1964;30.0;40.6;5;2;56.666389;22.493611;3.0;2024;0;1;0;0
55000.0;20.49;1;5;4244.5;1978;10.0;70.3;8;3;56.968611;21.971667;5.0;2024;0;1;0;0
24000.0;274.79;1;3;1008.2;1958;40.0;47.6;8;2;57.246667;22.588611;1.0;2024;0;1;0;0
55000.0;56.75;1;6;7190.1;1980;29.0;76.0;10;3;56.966667;23.153333;5.0;2024;0;1;0;0
26500.0;76.48;1;5;2989.8;1978;20.0;65.2;8;3;56.68;22.568333;1.0;2024;0;1;0;0
2500.0;73.91;3;2;258.6;1920;40.0;15.6;1;1;56.666389;22.493611;2.0;2024;0;1;0;0
3000.0;17.33;1;5;3393.7;1971;30.0;26.0;5;1;56.966667;23.153333;4.0;2024;0;1;0;0
4000.0;84.24;2;5;4114.4;1989;10.0;54.2;7;2;56.966667;23.153333;2.0;2024;0;1;0;0
6300.0;58.97;1;3;1281.1;1961;20.0;28.7;4;1;56.966667;23.153333;2.0;2024;0;1;0;0
18400.0;50.81;3;2;288.9;1885;65.0;28.0;3;1;56.968611;21.971667;2.0;2024;0;1;0;0
50000.0;105.26;2;5;3135.2;1988;10.0;63.1;7;3;56.966667;23.153333;1.0;2024;0;1;0;0
4600.0;80.33;2;2;215.5;1910;55.0;30.1;3;1;57.246667;22.588611;1.0;2024;0;1;0;0
2200.0;42.7;2;2;215.5;1910;55.0;16.9;2;1;57.246667;22.588611;2.0;2024;0;1;0;0
24000.0;56.38;1;3;764.7;1959;40.0;43.0;6;2;57.246667;22.588611;2.0;2024;0;1;0;0
3400.0;121.97;2;2;215.5;1910;55.0;45.7;5;2;57.246667;22.588611;1.0;2024;0;1;0;0
3500.0;127.3;2;2;215.5;1910;55.0;47.7;6;2;57.246667;22.588611;1.0;2024;0;1;0;0
109000.0;607.85;1;2;765.1;2006;0.0;191.7;14;4;57.246667;22.588611;1.5;2024;0;1;0;0
47000.0;262.34;3;3;1543.2;1988;20.0;65.9;9;3;56.535;21.166111;2.0;2024;0;0;0;1
6500.0;73.13;1;5;5207.4;1985;31.0;52.1;7;2;56.68;22.568333;4.0;2024;0;1;0;0
7300.0;44.2;1;4;2349.6;1966;35.0;41.1;6;2;56.68;22.568333;3.0;2024;0;0;0;1
6000.0;178.3;3;2;169.4;1935;60.0;17.2;2;1;56.666389;22.493611;2.0;2024;0;1;0;0
6681.5;242.18;3;2;179.8;1881;50.0;44.7;4;3;56.966667;23.153333;1.0;2024;0;0;0;1
9800.0;86.59;1;5;3992.8;1973;30.0;52.9;7;2;56.968611;21.971667;3.0;2024;0;0;0;1
4000.0;229.41;2;4;2842.5;1972;30.0;71.1;8;4;57.0375;22.775;1.0;2024;0;1;0;0
40000.0;53.33;1;5;6147.6;1993;24.0;56.1;7;2;57.246667;22.588611;2.0;2024;0;0;0;1
43500.0;45.2;1;5;2538.9;1970;30.0;58.0;8;3;57.246667;22.588611;2.0;2024;0;0;0;1
33285.92;48.57;1;5;5085.0;1977;20.0;54.9;7;2;56.966667;23.153333;3.0;2024;0;1;0;0
7500.0;70.44;4;2;160.9;1912;55.0;32.8;2;1;56.966667;23.153333;1.0;2024;0;0;0;1
15000.0;73.31;1;5;2715.1;1980;32.0;39.8;6;2;56.966667;23.153333;2.0;2024;0;0;0;1
10000.0;11.06;1;5;2895.8;1984;28.0;33.0;5;1;56.968611;21.971667;3.0;2024;0;0;0;1
1500.0;171.1;3;2;312.1;1900;50.0;22.3;2;1;57.0375;22.775;-1.0;2024;0;0;0;1
37500.0;42.72;1;5;5184.3;1970;18.0;37.8;7;2;56.966667;23.153333;4.0;2024;0;1;0;0
42691.26;105.1;1;5;4980.7;2006;30.0;58.8;6;2;56.666389;22.493611;5.0;2024;0;0;0;1
10000.0;48.17;1;3;1765.3;1970;25.0;29.2;4;1;56.535;21.166111;2.0;2024;0;0;0;1
12400.0;65.6;1;5;6024.5;1990;15.0;67.9;8;3;56.968611;21.971667;3.0;2024;1;0;0;0
64000.0;70.56;1;5;6147.6;1993;24.0;72.9;8;3;57.246667;22.588611;3.0;2024;0;0;0;1
29000.0;16.09;1;5;2990.0;1985;30.0;50.3;7;2;56.968611;21.971667;4.0;2024;0;0;0;1
9750.0;41.92;1;5;4173.5;1983;20.0;42.1;6;1;56.68;22.568333;3.0;2019;0;1;0;0
7920.03;96.37;1;5;4302.6;1987;24.0;87.9;10;4;56.546389;27.726944;5.0;2019;0;0;1;0
7400.0;282.62;3;2;375.8;1963;45.0;47.0;7;2;56.546389;27.726944;2.0;2023;0;0;0;1
6117.13;54.24;1;5;3492.9;1982;26.0;38.4;6;2;56.546389;27.726944;3.0;2021;0;1;0;0
15250.0;76.64;1;5;3961.6;1975;30.0;54.5;6;2;56.3;26.716667;3.0;2022;0;1;0;0
4000.0;68.86;1;3;2595.2;1992;10.0;37.3;5;1;56.3;26.716667;3.0;2024;0;0;0;1
14000.0;70.85;1;3;2199.9;1986;24.0;52.2;7;2;56.546389;27.726944;2.0;2024;0;0;0;1
10000.0;54.27;1;5;3768.3;1986;28.0;53.1;7;2;56.546389;27.726944;5.0;2024;0;0;0;1
10000.0;171.8;1;3;2200.3;1988;26.0;52.7;8;2;56.546389;27.726944;3.0;2023;0;0;0;1
7000.0;46.93;1;5;3565.3;1975;30.0;36.6;5;2;56.366667;26.183333;1.0;2024;0;0;0;1
15000.0;106.04;1;3;2086.2;1980;20.0;57.5;8;2;56.3;26.716667;3.0;2024;0;0;0;1
3000.0;76.16;2;2;622.6;1974;45.0;24.4;4;1;56.546389;27.726944;2.0;2024;0;0;0;1
5000.0;52.9;1;5;4354.2;1982;25.0;31.5;6;1;56.3;26.716667;3.0;2024;0;0;0;1
11000.0;69.22;1;5;3516.4;1989;15.0;36.8;6;2;56.3;26.716667;5.0;2024;0;0;0;1
2300.0;24.66;1;5;2650.3;1978;30.0;29.4;5;1;57.1325;27.265833;2.0;2024;0;0;0;1
6204.79;143.85;1;3;2205.3;1983;28.0;64.8;7;4;56.546389;27.726944;2.0;2020;0;0;0;1
6500.0;59.39;1;6;3950.8;1979;30.0;46.1;6;2;57.1325;27.265833;5.0;2024;0;0;0;1
6000.0;76.27;1;3;1352.4;1980;30.0;56.1;8;2;56.3;26.716667;1.0;2024;0;0;0;1
7300.0;34.81;1;5;4531.7;1981;45.0;43.2;6;2;56.366667;26.183333;3.0;2024;0;0;0;1
6000.0;46.78;1;5;2352.5;1987;10.0;39.3;4;1;56.546389;27.726944;5.0;2024;0;0;0;1
9800.0;126.95;1;3;2125.1;1983;25.0;48.8;8;2;56.546389;27.726944;1.0;2023;1;0;0;0
15000.0;262.01;1;2;317.0;1954;35.0;52.2;8;3;56.546389;27.726944;1.0;2024;0;0;0;1
4000.0;121.79;1;3;2096.2;1980;29.0;55.5;7;2;56.546389;27.726944;1.0;2024;0;0;0;1
6600.0;58.69;1;5;3524.9;1984;28.0;59.8;8;3;57.1325;27.265833;2.0;2024;0;0;0;1
3551.0;81.13;1;4;3838.0;1992;29.0;45.9;6;2;57.1325;27.265833;4.0;2024;0;0;0;1
10000.0;58.54;1;5;3358.3;1970;36.0;57.8;8;3;57.1325;27.265833;5.0;2024;0;0;0;1
30000.0;83.34;1;5;4047.6;1977;45.0;68.3;10;3;56.366667;26.183333;2.0;2024;0;0;0;1
5000.0;118.25;1;3;672.7;1960;40.0;47.9;5;2;56.3;26.716667;1.0;2024;0;0;0;1
15400.0;262.01;1;2;317.0;1954;35.0;52.2;8;3;56.546389;27.726944;1.0;2024;0;0;0;1
5700.0;105.64;1;5;4354.2;1982;25.0;64.2;9;3;56.3;26.716667;5.0;2024;0;0;0;1
1500.0;146.42;2;1;172.0;1971;35.0;33.9;4;2;56.546389;27.726944;1.0;2024;0;0;0;1
1500.0;127.89;2;1;172.0;1971;35.0;32.1;4;2;56.546389;27.726944;1.0;2024;0;0;0;1
8500.0;58.3;1;5;3524.9;1984;28.0;59.4;8;3;57.1325;27.265833;4.0;2024;1;0;0;0
4300.0;63.9;1;5;3492.9;1982;26.0;43.5;6;2;56.546389;27.726944;1.0;2024;1;0;0;0
22000.0;113.93;2;3;562.0;1964;30.0;48.0;5;2;57.1325;27.265833;3.0;2024;1;0;0;0
12680.0;43.05;1;5;2000.0;1986;20.0;53.1;7;2;56.366667;26.183333;5.0;2024;1;0;0;0
5000.0;204.79;1;2;178.2;1938;55.0;39.1;6;2;56.366667;26.183333;2.0;2024;1;0;0;0
4000.0;71.95;1;3;571.5;1964;45.0;41.2;5;2;57.1325;27.265833;2.0;2024;1;0;0;0
15500.0;83.98;1;3;2205.3;1983;28.0;39.0;5;1;56.546389;27.726944;2.0;2024;1;0;0;0
17000.0;34.75;1;5;3768.3;1986;28.0;34.0;5;1;56.546389;27.726944;5.0;2024;1;0;0;0
5250.0;127.54;1;3;674.2;1958;40.0;48.8;5;2;56.3;26.716667;1.0;2024;1;0;0;0
9800.0;110.0;1;5;3969.7;1990;10.0;33.4;5;1;56.3;26.716667;5.0;2024;1;0;0;0
2000.0;28.74;1;5;2531.6;1966;35.0;24.9;5;1;56.546389;27.726944;1.0;2024;1;0;0;0
5500.0;54.05;1;3;1386.8;1964;40.0;29.1;4;1;56.546389;27.726944;1.0;2023;0;0;1;0
11123.19;186.25;2;2;373.6;1958;31.0;41.3;5;2;57.1325;27.265833;1.0;2019;0;0;1;0
25000.0;141.84;1;3;1598.3;1982;10.0;68.2;9;3;56.546389;27.726944;3.0;2024;1;0;0;0
2600.0;242.93;3;2;253.5;1914;44.0;30.4;3;2;56.546389;27.726944;1.0;2024;1;0;0;0
13500.0;51.87;1;5;3492.9;1982;26.0;35.3;5;2;56.546389;27.726944;1.0;2024;1;0;0;0
5000.0;385.31;3;2;213.6;1955;75.0;39.8;4;2;57.1325;27.265833;1.0;2024;1;0;0;0
20000.0;45.01;1;5;3378.2;1972;20.0;47.4;7;2;56.366667;26.183333;2.0;2024;1;0;0;0
1300.0;390.15;3;2;213.6;1955;75.0;40.3;4;2;57.1325;27.265833;2.0;2019;1;0;0;0
5900.0;178.99;2;2;519.1;1975;45.0;42.7;6;2;56.366667;26.183333;1.0;2024;0;0;0;1
6000.0;167.82;1;3;1373.6;1980;28.0;54.2;8;2;56.546389;27.726944;2.5;2024;1;0;0;0
11750.0;47.62;1;5;3500.7;1985;10.0;36.4;7;2;57.1325;27.265833;5.0;2024;1;0;0;0
5000.0;46.3;1;5;4302.6;1987;24.0;41.7;5;1;56.546389;27.726944;3.0;2024;1;0;0;0
30000.0;109.33;1;5;4339.1;1979;35.0;77.8;11;4;56.366667;26.183333;1.0;2024;1;0;0;0
26000.0;59.46;1;5;1918.4;1986;10.0;64.0;9;3;57.1325;27.265833;1.0;2024;1;0;0;0
10279.18;51.22;1;6;1806.3;1992;0.0;52.6;7;2;56.366667;26.183333;5.0;2024;1;0;0;0
10000.0;69.09;1;5;2301.0;1990;27.0;38.0;4;1;56.546389;27.726944;3.0;2024;1;0;0;0
3000.0;171.66;1;2;205.9;1955;40.0;45.8;6;2;56.3;26.716667;2.0;2024;1;0;0;0
5000.0;48.5;1;5;3956.1;1981;20.0;46.6;6;2;56.546389;27.726944;2.0;2024;1;0;0;0
10000.0;207.3;2;3;561.5;1965;40.0;47.2;5;2;56.366667;26.183333;1.0;2024;1;0;0;0
3400.0;182.33;3;2;334.4;1928;45.0;41.3;5;2;56.3;26.716667;1.0;2024;1;0;0;0
15000.0;70.7;1;3;1352.4;1980;30.0;52.0;8;2;56.3;26.716667;3.0;2024;1;0;0;0
7300.0;113.24;1;5;3516.4;1989;15.0;60.2;8;3;56.3;26.716667;4.0;2024;1;0;0;0
3050.0;20.95;1;5;4360.9;1982;28.0;32.8;5;1;57.1325;27.265833;2.0;2022;0;0;1;0
3000.0;63.02;3;3;1124.4;1963;30.0;31.6;4;1;57.1325;27.265833;3.0;2024;1;0;0;0
1800.0;155.98;1;1;90.2;1923;60.0;31.0;5;2;56.546389;27.726944;1.0;2024;1;0;0;0
10000.0;192.6;2;2;1070.9;1975;30.0;55.3;9;2;56.546389;27.726944;1.0;2024;1;0;0;0
27000.0;189.71;2;3;1341.8;1972;50.0;64.8;9;3;56.3;26.716667;2.0;2024;1;0;0;0
15000.0;86.97;1;4;2597.6;1990;26.0;55.7;7;2;56.546389;27.726944;2.0;2024;1;0;0;0
20000.0;118.4;1;5;3526.9;1986;10.0;61.0;7;3;56.3;26.716667;5.0;2024;1;0;0;0
5000.0;63.53;1;3;824.1;1972;30.0;26.7;4;1;57.1325;27.265833;3.0;2024;1;0;0;0
9100.0;70.65;1;3;1304.0;1970;30.0;46.6;7;2;56.546389;27.726944;3.0;2024;1;0;0;0
6500.0;59.39;1;6;3950.8;1979;30.0;46.1;6;2;57.1325;27.265833;5.0;2024;1;0;0;0
9000.0;70.82;1;5;2509.1;1970;30.0;48.3;7;2;56.546389;27.726944;4.0;2024;1;0;0;0
25160.0;63.9;1;5;4428.4;1979;29.0;78.5;11;4;56.366667;26.183333;5.0;2024;1;0;0;0
26000.0;138.52;1;3;1592.7;1980;15.0;66.6;9;3;56.546389;27.726944;1.0;2024;1;0;0;0
7526.39;70.21;1;5;2509.1;1970;30.0;49.4;7;2;56.546389;27.726944;5.0;2022;0;0;0;1
5000.0;33.29;1;5;4266.7;1987;10.0;38.5;5;1;56.3;26.716667;1.0;2024;1;0;0;0
8000.0;65.14;1;5;3284.7;1968;16.0;54.0;7;3;56.366667;26.183333;1.0;2024;1;0;0;0
29500.0;79.74;1;5;5207.7;1970;35.0;54.4;7;2;56.546389;27.726944;2.0;2024;1;0;0;0
5900.0;45.53;1;5;4339.1;1979;35.0;31.4;6;1;56.366667;26.183333;5.0;2024;1;0;0;0
5324.66;127.28;1;3;1166.1;1960;40.0;57.0;7;3;56.366667;26.183333;2.0;2024;1;0;0;0
4500.0;58.41;1;5;1635.5;1976;20.0;45.5;7;2;56.366667;26.183333;2.0;2024;1;0;0;0
26000.0;66.43;1;6;3086.6;1978;25.0;58.5;9;3;56.366667;26.183333;5.0;2024;1;0;0;0
32800.0;108.61;1;3;4103.4;1990;26.0;65.9;9;3;56.546389;27.726944;3.0;2024;0;0;1;0
11000.0;21.91;1;5;4360.9;1982;28.0;34.3;5;1;57.1325;27.265833;2.0;2024;0;0;1;0
5000.0;52.85;1;5;5067.5;1967;30.0;45.9;6;2;56.546389;27.726944;1.0;2024;1;0;0;0
5594.23;54.02;1;3;2199.9;1986;24.0;41.7;5;1;56.546389;27.726944;2.0;2021;1;0;0;0
7600.0;76.48;1;3;1314.0;1966;40.0;41.8;5;2;56.546389;27.726944;1.0;2024;1;0;0;0
12400.0;392.39;1;3;581.2;1982;35.0;60.2;8;2;56.3;26.716667;2.0;2022;1;0;0;0
5000.0;93.5;1;4;3838.0;1992;29.0;52.9;7;2;57.1325;27.265833;4.0;2024;0;0;1;0
9000.0;88.29;1;3;1679.0;1987;15.0;34.7;5;1;56.546389;27.726944;1.0;2024;0;0;1;0
17000.0;120.19;1;3;2096.2;1980;29.0;50.8;7;2;56.546389;27.726944;2.0;2024;0;0;1;0
2500.0;69.64;1;3;2019.1;1981;20.0;36.1;6;1;56.3;26.716667;1.0;2024;0;0;1;0
24000.0;80.2;1;5;4426.5;1981;25.0;62.7;9;3;56.366667;26.183333;4.0;2024;0;0;1;0
10000.0;59.94;1;5;5909.6;1975;30.0;65.4;8;3;57.1325;27.265833;5.0;2024;0;0;1;0
5100.0;44.67;1;5;2956.7;1975;30.0;55.1;7;2;56.546389;27.726944;5.0;2024;0;0;1;0
3500.0;53.74;1;5;4354.2;1982;25.0;32.0;6;1;56.3;26.716667;3.0;2024;0;0;1;0
4800.0;58.41;1;5;1635.5;1976;20.0;45.5;7;2;56.366667;26.183333;2.0;2024;0;0;1;0
3000.0;164.49;2;1;113.2;1938;60.0;36.8;6;2;56.3;26.716667;1.0;2024;0;0;1;0
33200.0;77.17;1;5;4342.6;1982;15.0;67.3;8;3;56.546389;27.726944;1.0;2024;0;0;1;0
22000.0;46.61;1;5;4003.9;1984;20.0;52.9;7;2;57.1325;27.265833;5.0;2024;0;0;1;0
5000.0;51.89;1;5;3588.1;1976;20.0;37.7;6;2;56.366667;26.183333;4.0;2024;0;0;1;0
29500.0;66.3;1;5;3914.6;1989;10.0;64.2;6;3;56.366667;26.183333;2.0;2024;0;0;1;0
2000.0;145.09;2;2;282.3;1969;50.0;34.4;4;2;56.366667;26.183333;1.0;2024;0;0;1;0
3000.0;104.72;4;1;250.6;1968;60.0;20.6;2;1;56.3;26.716667;1.0;2024;0;0;1;0
2000.0;31.43;1;5;3284.7;1968;16.0;26.2;4;1;56.366667;26.183333;3.0;2024;0;0;1;0
10000.0;111.06;1;3;1592.7;1980;15.0;53.4;7;2;56.546389;27.726944;1.0;2024;0;0;1;0
25000.0;143.86;1;3;1785.7;1977;30.0;74.9;9;3;56.546389;27.726944;2.0;2024;0;0;1;0
6300.0;78.8;1;3;1369.9;1974;30.0;54.8;8;2;56.366667;26.183333;1.0;2020;0;1;0;0
12025.0;65.91;1;5;4031.5;1977;25.0;54.3;8;2;56.366667;26.183333;3.0;2024;0;0;1;0
18000.0;42.2;1;5;3585.2;1981;25.0;61.3;8;3;56.366667;26.183333;5.0;2024;0;0;1;0
5000.0;29.43;1;5;4003.9;1984;20.0;33.4;6;1;57.1325;27.265833;4.0;2024;0;0;1;0
45000.0;86.02;1;5;3914.6;1989;10.0;83.8;11;4;56.366667;26.183333;3.0;2024;0;0;1;0
9000.0;92.29;1;5;2876.2;1980;20.0;76.4;11;4;56.366667;26.183333;3.0;2024;0;0;1;0
4678.0;59.37;1;6;3950.8;1979;30.0;46.5;6;2;57.1325;27.265833;2.0;2021;0;0;1;0
18000.0;95.17;1;3;1320.4;1976;20.0;49.1;9;2;57.1325;27.265833;2.0;2024;0;0;1;0
4800.0;55.18;1;5;3395.5;1972;36.0;46.3;6;2;57.1325;27.265833;5.0;2024;0;0;1;0
10000.0;45.53;1;5;4339.1;1979;35.0;31.4;6;1;56.366667;26.183333;5.0;2024;0;0;1;0
3000.0;34.05;1;5;3378.2;1972;20.0;35.8;7;2;56.366667;26.183333;3.0;2024;0;0;1;0
2300.0;183.27;2;1;113.2;1938;60.0;41.0;5;2;56.3;26.716667;1.0;2019;0;0;0;1
20000.0;75.56;1;5;4342.6;1982;15.0;70.2;8;3;56.546389;27.726944;5.0;2024;0;0;1;0
1050.0;96.49;4;1;277.1;1925;60.0;29.7;2;1;56.546389;27.726944;1.0;2024;0;0;1;0
9264.68;95.27;1;5;2301.0;1990;27.0;52.9;7;2;56.546389;27.726944;2.0;2022;0;0;1;0
10000.0;75.73;1;3;1883.7;1966;33.0;41.5;5;2;56.546389;27.726944;2.0;2024;0;0;1;0
7000.0;104.64;2;3;957.2;1961;30.0;42.1;5;2;57.1325;27.265833;2.0;2024;0;0;1;0
7000.0;79.59;1;3;848.8;1972;30.0;27.5;4;1;57.1325;27.265833;3.0;2024;0;0;1;0
9800.0;93.46;1;3;1130.7;1968;40.0;45.6;6;2;56.3;26.716667;1.0;2024;0;0;1;0
10000.0;89.24;1;3;1316.2;1975;25.0;38.1;4;1;56.546389;27.726944;3.0;2024;0;0;1;0
10000.0;47.5;1;5;3497.4;1989;10.0;59.5;8;3;57.1325;27.265833;2.0;2024;0;0;1;0
9000.0;45.68;1;5;4434.4;1984;25.0;44.4;7;2;56.366667;26.183333;3.0;2024;1;0;0;0
7500.0;40.9;1;5;4426.5;1981;25.0;32.0;6;1;56.366667;26.183333;4.0;2024;0;1;0;0
7400.0;208.13;3;2;326.4;1948;45.0;35.0;4;2;56.546389;27.726944;1.0;2024;0;0;1;0
1000.0;113.2;1;3;2029.2;1992;10.0;50.9;7;2;56.546389;27.726944;3.0;2024;0;0;1;0
14900.0;116.64;1;5;3526.9;1986;10.0;59.7;8;3;56.3;26.716667;4.0;2024;0;0;1;0
21000.0;110.15;1;3;4103.4;1990;26.0;64.1;10;3;56.546389;27.726944;2.0;2024;0;1;0;0
9000.0;448.47;1;2;705.0;1968;55.0;57.2;8;3;56.3;26.716667;1.0;2024;0;1;0;0
3000.0;86.29;2;3;591.9;1965;40.0;50.9;5;2;56.366667;26.183333;1.0;2024;0;1;0;0
7176.0;27.96;1;5;3025.1;1986;28.0;33.3;5;1;56.366667;26.183333;3.0;2024;0;0;1;0
5000.0;39.97;1;5;2622.6;1978;20.0;44.3;6;2;56.366667;26.183333;1.0;2024;0;1;0;0
20000.0;67.33;1;3;649.9;1962;45.0;42.4;5;2;56.3;26.716667;1.0;2024;0;1;0;0
10000.0;55.25;1;5;3956.1;1981;20.0;53.2;7;2;56.546389;27.726944;5.0;2024;0;1;0;0
10000.0;234.51;3;2;662.5;1959;50.0;61.3;8;3;56.366667;26.183333;2.0;2024;0;1;0;0
10000.0;19.36;1;5;3573.6;1967;15.0;47.2;7;2;57.1325;27.265833;3.0;2024;0;1;0;0
5000.0;29.25;1;5;3524.9;1984;28.0;29.8;5;1;57.1325;27.265833;2.0;2024;0;1;0;0
20000.0;82.63;1;5;4047.6;1977;45.0;68.6;9;3;56.366667;26.183333;3.0;2024;0;1;0;0
5000.0;109.41;1;5;2979.2;1984;15.0;65.3;8;3;56.3;26.716667;5.0;2024;0;1;0;0
3000.0;28.73;1;5;5067.5;1967;30.0;25.0;4;1;56.546389;27.726944;5.0;2024;0;1;0;0
10000.0;108.47;1;3;2418.5;1980;20.0;57.2;9;2;56.546389;27.726944;3.0;2024;0;1;0;0
7500.0;111.6;1;3;674.2;1958;40.0;42.7;5;2;56.3;26.716667;3.0;2024;0;1;0;0
12000.0;67.43;1;6;3086.6;1978;25.0;59.2;9;3;56.366667;26.183333;5.0;2024;0;1;0;0
37000.0;218.9;1;3;1373.6;1980;28.0;69.8;5;3;56.546389;27.726944;3.0;2024;0;1;0;0
2800.0;144.74;1;1;111.3;1925;60.0;31.1;4;1;56.3;26.716667;1.0;2024;0;1;0;0
13000.0;70.42;1;6;5065.1;1982;15.0;52.4;7;2;56.3;26.716667;2.0;2024;0;1;0;0
12000.0;70.33;1;5;3187.3;1972;30.0;45.9;6;2;56.546389;27.726944;1.0;2024;0;1;0;0
7000.0;39.84;1;5;3187.3;1972;30.0;26.0;4;1;56.546389;27.726944;1.0;2024;0;1;0;0
9100.0;85.68;1;5;3914.6;1989;10.0;88.5;11;4;56.366667;26.183333;1.0;2021;0;1;0;0
3000.0;447.43;4;2;182.9;1950;55.0;27.8;4;1;56.546389;27.726944;1.0;2023;0;0;0;1
3000.0;72.49;1;5;3526.9;1986;10.0;37.1;6;2;56.3;26.716667;5.0;2024;0;1;0;0
18000.0;127.89;1;5;2649.9;1984;30.0;60.0;8;3;56.366667;26.183333;3.0;2024;0;1;0;0
8800.0;104.68;1;3;1525.9;1983;15.0;49.3;7;2;56.546389;27.726944;3.0;2024;0;1;0;0
7200.0;27.96;1;5;3025.1;1986;28.0;33.3;5;1;56.366667;26.183333;3.0;2024;0;1;0;0
15000.0;81.79;1;5;2108.4;1990;10.0;62.7;8;3;57.1325;27.265833;5.0;2024;0;1;0;0
6000.0;161.12;2;2;268.7;1953;40.0;64.8;6;3;56.546389;27.726944;2.0;2024;0;1;0;0
25000.0;68.68;1;5;3768.3;1986;28.0;67.2;8;3;56.546389;27.726944;1.0;2024;0;1;0;0
7000.0;76.04;1;5;2457.8;1968;30.0;49.7;5;2;56.366667;26.183333;4.0;2024;0;1;0;0
3000.0;72.29;1;5;3526.9;1986;10.0;37.0;6;2;56.3;26.716667;2.0;2024;0;1;0;0
18000.0;113.24;1;5;3516.4;1989;15.0;60.2;8;3;56.3;26.716667;4.0;2024;0;1;0;0
9600.0;204.79;1;2;178.2;1938;55.0;39.1;6;2;56.366667;26.183333;2.0;2024;0;1;0;0
5800.0;58.5;1;5;3524.9;1984;28.0;59.6;8;3;57.1325;27.265833;5.0;2023;0;1;0;0
8000.0;38.56;1;5;3039.1;1974;30.0;35.4;4;1;57.1325;27.265833;4.0;2024;0;1;0;0
4300.0;74.04;1;3;571.5;1964;45.0;42.4;5;2;57.1325;27.265833;3.0;2024;0;1;0;0
20000.0;159.3;1;3;1341.8;1972;50.0;54.5;8;2;56.3;26.716667;2.0;2024;0;1;0;0
11000.0;103.46;1;3;2086.2;1980;20.0;56.1;8;2;56.3;26.716667;2.0;2024;0;1;0;0
43000.0;167.8;1;3;3742.4;1979;20.0;87.7;11;4;57.1325;27.265833;3.0;2024;0;1;0;0
14000.0;30.28;1;5;2650.3;1978;30.0;36.1;5;2;57.1325;27.265833;1.0;2024;0;1;0;0
5261.39;30.35;1;5;4266.7;1987;10.0;35.1;4;1;56.3;26.716667;4.0;2024;0;1;0;0
15900.0;129.34;3;3;556.6;1963;35.0;41.1;5;2;56.366667;26.183333;3.0;2024;0;0;0;1
32000.0;110.67;1;3;2418.5;1980;20.0;58.5;9;2;56.546389;27.726944;3.0;2024;0;0;0;1
33000.0;157.0;1;3;1316.9;1978;36.0;69.0;5;2;57.1325;27.265833;1.0;2024;0;0;0;1
14000.0;68.98;1;6;3950.8;1979;30.0;53.6;9;2;57.1325;27.265833;4.0;2022;0;1;0;0
5000.0;190.24;1;3;1648.3;1974;30.0;68.6;9;3;56.3;26.716667;2.0;2024;0;0;0;1
20000.0;52.47;1;5;4428.4;1979;29.0;64.6;9;3;56.366667;26.183333;4.0;2024;0;0;0;1
15000.0;89.19;1;3;4103.4;1990;26.0;51.9;8;2;56.546389;27.726944;3.0;2024;0;0;0;1
65000.0;168.61;1;5;2978.7;1980;15.0;70.1;8;3;57.3125;25.275278;2.0;2023;0;0;0;1
16380.0;103.2;1;3;1274.0;1972;25.0;25.1;4;1;57.3125;25.275278;3.0;2023;0;0;0;1
28000.0;42.55;1;5;3640.3;1982;10.0;52.7;7;2;57.511389;24.719167;2.0;2019;0;1;0;0
8000.0;53.49;1;3;1856.4;1966;40.0;30.2;4;1;56.851111;26.219444;2.0;2023;0;0;0;1
46000.0;84.73;1;4;2330.3;1966;14.0;54.1;7;3;57.3125;25.275278;2.0;2023;0;0;0;1
4000.0;102.2;2;2;315.7;1961;40.0;34.8;4;1;56.851111;26.219444;1.0;2023;0;0;0;1
50000.0;137.54;1;4;2493.8;1977;26.0;55.8;7;2;57.3125;25.275278;3.0;2023;0;0;0;1
18500.0;162.7;1;2;584.0;1981;20.0;49.9;7;2;56.851111;26.219444;1.5;2023;0;1;0;0
4900.0;337.66;3;1;274.8;1916;55.0;32.8;2;1;56.851111;26.219444;1.0;2023;0;0;0;1
7000.0;78.36;1;3;1762.7;1974;15.0;55.2;7;2;57.1725;26.761111;1.0;2024;0;0;0;1
10000.0;96.16;1;4;4268.1;1978;27.0;46.4;6;2;57.3125;25.275278;2.0;2024;0;0;0;1
18000.0;39.33;1;5;3589.4;1983;10.0;47.2;7;2;57.1725;26.761111;4.0;2023;0;0;0;1
4000.0;28.38;1;5;3497.7;1994;30.0;38.2;6;2;57.1725;26.761111;2.0;2023;0;0;0;1
3000.0;29.86;1;4;3242.2;1971;45.0;51.8;7;2;57.3125;25.275278;3.0;2024;0;0;0;1
24900.0;61.22;1;4;1665.8;1963;40.0;43.8;5;2;57.3125;25.275278;2.0;2024;0;0;0;1
19000.0;27.87;1;4;2705.4;1971;10.0;26.2;4;1;57.511389;24.719167;4.0;2024;0;0;0;1
2500.0;53.3;1;5;4193.5;1977;15.0;54.6;7;2;57.1725;26.761111;2.0;2024;0;0;0;1
16000.0;59.71;1;3;849.2;1970;15.0;26.4;4;1;57.511389;24.719167;3.0;2024;0;0;0;1
10000.0;95.32;1;5;4317.5;1987;5.0;35.8;5;1;57.511389;24.719167;1.0;2024;0;0;0;1
9360.0;81.0;2;3;957.9;1964;20.0;40.9;5;2;57.1725;26.761111;1.0;2024;0;0;0;1
2550.0;1120.92;2;2;246.0;1827;39.0;53.9;6;2;57.420556;27.048611;1.0;2022;0;0;0;1
18000.0;35.01;1;4;2667.0;1970;20.0;47.2;7;2;57.511389;24.719167;2.0;2024;0;0;0;1
8000.0;71.51;1;5;1951.1;1995;5.0;68.2;5;1;57.1725;26.761111;3.0;2024;0;0;0;1
19000.0;42.29;1;4;2048.8;1968;35.0;25.5;5;1;57.3125;25.275278;4.0;2024;0;0;0;1
16000.0;77.02;1;4;1843.2;1972;30.0;53.9;8;3;57.511389;24.719167;2.0;2024;0;0;0;1
4000.0;46.67;1;5;4382.4;1987;26.0;34.4;5;1;57.1725;26.761111;4.0;2024;0;0;0;1
18000.0;139.56;1;2;495.3;1915;60.0;72.8;7;3;57.511389;24.719167;1.0;2024;0;0;0;1
3000.0;53.55;1;5;3599.0;1981;20.0;31.6;5;1;56.851111;26.219444;4.0;2024;0;0;0;1
5500.0;23.13;1;5;2637.0;1971;27.0;48.8;7;2;57.1725;26.761111;5.0;2024;0;0;0;1
36000.0;392.82;2;2;280.7;1960;35.0;51.1;7;3;57.3125;25.275278;2.0;2024;0;0;0;1
10000.0;23.15;1;5;3641.6;1974;15.0;32.2;5;1;57.1725;26.761111;4.0;2024;0;0;0;1
1000.0;46.08;1;5;3497.7;1994;30.0;60.9;8;3;57.1725;26.761111;5.0;2024;0;0;0;1
14500.0;61.13;1;3;1121.9;1962;20.0;30.3;4;1;57.1725;26.761111;2.0;2024;0;0;0;1
16000.0;126.7;1;3;755.5;1961;40.0;48.5;6;2;57.1725;26.761111;2.0;2024;0;0;0;1
25000.0;259.43;2;1;266.1;1965;50.0;23.3;2;1;57.751667;24.357222;1.0;2024;0;0;0;1
41000.0;48.1;1;5;3502.3;1964;30.0;40.0;5;2;57.3125;25.275278;3.0;2024;0;0;0;1
6000.0;50.97;1;5;3042.2;1980;28.0;55.2;7;2;57.1725;26.761111;5.0;2024;0;0;0;1
9000.0;81.09;1;3;1274.0;1972;25.0;19.8;4;1;57.3125;25.275278;1.0;2024;0;0;0;1
32300.0;70.94;1;6;3230.3;2007;10.0;32.4;3;1;57.3125;25.275278;4.0;2024;0;0;0;1
31300.0;66.32;1;4;3399.1;1986;10.0;33.8;5;1;57.3125;25.275278;4.0;2024;0;0;0;1
16000.0;37.84;1;5;3383.5;1967;36.0;25.6;4;1;57.1725;26.761111;5.0;2024;0;0;0;1
7000.0;38.59;1;5;2666.5;1985;28.0;44.7;8;2;56.851111;26.219444;5.0;2024;0;0;0;1
7000.0;50.97;1;5;3042.2;1980;28.0;55.2;7;2;57.1725;26.761111;4.0;2024;1;0;0;0
3375.0;10.4;1;5;2633.5;1971;30.0;45.0;6;2;57.1725;26.761111;1.0;2023;0;1;0;0
52000.0;53.96;1;4;2247.3;1972;15.0;65.7;9;3;57.424167;25.906667;1.0;2024;1;0;0;0
105000.0;127.81;1;4;5687.9;2007;0.0;82.9;5;3;57.3125;25.275278;4.0;2024;0;0;0;1
8700.0;35.14;1;5;4442.6;1980;42.0;43.0;7;1;57.1725;26.761111;2.0;2024;1;0;0;0
2200.0;116.77;4;3;979.0;1937;50.0;25.0;1;1;57.751667;24.357222;2.0;2024;0;0;0;1
29000.0;66.9;1;5;2528.7;1983;10.0;52.5;7;2;57.511389;24.719167;4.0;2024;1;0;0;0
2700.0;91.08;4;3;979.0;1937;50.0;19.5;1;1;57.751667;24.357222;1.0;2024;0;0;0;1
53250.0;94.26;1;4;2513.6;1980;16.0;61.2;7;2;57.3125;25.275278;2.0;2024;1;0;0;0
41900.0;136.97;1;4;4519.1;1990;22.0;55.3;7;2;57.3125;25.275278;2.0;2024;1;0;0;0
55000.0;58.04;1;4;2253.1;1974;20.0;51.7;7;2;57.3125;25.275278;3.0;2024;1;0;0;0
5000.0;200.06;2;2;230.6;1914;55.0;53.4;4;2;57.420556;27.048611;1.0;2024;1;0;0;0
35000.0;144.06;1;4;5713.7;1982;15.0;45.4;6;2;57.3125;25.275278;4.0;2024;1;0;0;0
22300.0;50.15;1;4;2217.6;1970;15.0;25.2;4;1;57.3125;25.275278;2.0;2024;1;0;0;0
13200.0;423.52;2;2;945.4;1951;40.0;43.3;6;2;57.3125;25.275278;1.0;2024;0;0;0;1
5800.0;50.1;1;5;3383.5;1967;36.0;37.7;8;2;57.1725;26.761111;3.0;2023;0;0;1;0
9000.0;81.09;1;3;1274.0;1972;25.0;19.8;4;1;57.3125;25.275278;1.0;2024;1;0;0;0
7192.39;148.95;1;4;4787.1;1981;25.0;41.2;5;1;57.3125;25.275278;-1.0;2024;1;0;0;0
55000.0;159.96;1;3;2076.7;1994;0.0;82.7;11;4;57.424167;25.906667;2.0;2024;1;0;0;0
46700.0;78.64;1;5;2825.8;1976;27.0;65.8;5;3;57.511389;24.719167;1.0;2024;1;0;0;0
42000.0;139.77;1;4;4268.1;1978;27.0;67.2;8;3;57.3125;25.275278;1.0;2024;1;0;0;0
89000.0;109.28;1;4;3039.5;2007;14.0;67.2;6;3;57.3125;25.275278;1.0;2024;1;0;0;0
96000.0;126.58;1;4;5687.9;2007;0.0;82.1;5;3;57.3125;25.275278;4.0;2024;1;0;0;0
8000.0;21.97;1;5;2400.0;1972;30.0;47.8;7;2;57.1725;26.761111;2.0;2024;1;0;0;0
10000.0;43.68;1;4;2055.4;1968;30.0;26.6;4;1;57.424167;25.906667;2.0;2024;1;0;0;0
53000.0;203.45;1;3;2698.3;1983;28.0;68.9;8;3;57.3125;25.275278;1.0;2024;1;0;0;0
71000.0;125.11;1;5;4554.7;1988;10.0;64.9;8;3;57.3125;25.275278;3.0;2024;1;0;0;0
79900.0;47.06;2;4;1994.2;1926;33.0;79.0;9;4;57.3125;25.275278;3.0;2024;1;0;0;0
25000.0;67.52;1;3;1455.6;1987;10.0;34.1;6;1;57.420556;27.048611;1.0;2024;1;0;0;0
42000.0;70.08;1;4;2752.3;1968;30.0;42.7;6;2;57.3125;25.275278;2.0;2024;1;0;0;0
17600.0;355.81;2;2;425.8;1977;20.0;29.9;5;1;57.424167;25.906667;2.0;2024;1;0;0;0
30000.0;116.17;1;2;963.8;1961;31.0;41.7;5;2;56.851111;26.219444;1.0;2024;1;0;0;0
14800.0;41.52;1;4;2654.9;1966;45.0;38.6;5;2;57.1725;26.761111;3.0;2024;1;0;0;0
9960.1;127.37;1;5;6676.3;1975;30.0;83.5;12;3;57.3125;25.275278;5.0;2006;0;0;0;1
31500.0;40.08;1;4;2253.1;1974;20.0;35.7;5;1;57.3125;25.275278;3.0;2024;1;0;0;0
17000.0;55.37;1;4;2152.1;1969;30.0;25.9;5;1;57.3125;25.275278;1.0;2024;1;0;0;0
34000.0;157.93;1;3;1225.4;1961;35.0;37.5;6;2;57.3125;25.275278;1.0;2024;1;0;0;0
22000.0;303.01;3;2;343.1;1930;31.0;35.7;5;2;57.3125;25.275278;1.0;2024;1;0;0;0
117000.0;172.91;1;4;3039.5;2007;14.0;108.7;8;4;57.3125;25.275278;4.0;2024;1;0;0;0
1092.0;249.74;1;2;281.4;1922;60.0;32.3;3;1;57.1725;26.761111;2.0;2021;0;0;0;1
29000.0;95.74;1;3;2068.1;1989;10.0;54.0;8;2;56.851111;26.219444;2.0;2024;1;0;0;0
15000.0;149.37;1;3;1113.8;1964;35.0;29.4;4;1;57.3125;25.275278;1.0;2024;1;0;0;0
20400.0;45.03;2;3;537.2;1890;55.0;33.6;6;2;57.3125;25.275278;3.0;2024;1;0;0;0
15000.0;89.19;2;2;199.4;1880;75.0;42.4;5;3;57.511389;24.719167;2.0;2024;1;0;0;0
40000.0;79.88;1;5;3227.0;1992;15.0;53.7;4;2;56.851111;26.219444;1.0;2024;1;0;0;0
40000.0;41.21;1;4;2667.0;1970;20.0;55.7;7;3;57.511389;24.719167;1.0;2024;1;0;0;0
14000.0;36.2;1;5;3502.3;1964;30.0;30.1;4;1;57.3125;25.275278;5.0;2024;1;0;0;0
17000.0;23.0;1;5;3599.0;1984;10.0;37.9;6;2;57.1725;26.761111;3.0;2024;1;0;0;0
23000.0;32.01;1;5;2384.3;1967;40.0;42.0;6;2;56.851111;26.219444;5.0;2024;1;0;0;0
3442.0;53.33;3;2;228.5;1890;55.0;38.9;4;2;57.3125;25.275278;1.0;2024;1;0;0;0
32500.0;47.6;1;5;3582.9;1962;23.0;41.0;5;2;57.3125;25.275278;4.0;2024;1;0;0;0
26784.0;147.1;1;3;764.3;1968;25.0;58.7;7;3;57.511389;24.719167;2.0;2024;1;0;0;0
45000.0;96.4;1;3;1514.4;1965;30.0;48.8;5;2;56.851111;26.219444;3.0;2024;1;0;0;0
4000.0;249.74;1;2;281.4;1922;60.0;32.3;3;1;57.1725;26.761111;2.0;2024;1;0;0;0
3700.0;437.12;2;1;234.2;1916;55.0;58.6;7;2;57.1725;26.761111;1.0;2024;1;0;0;0
1800.0;443.56;3;2;243.5;1910;75.0;47.9;5;2;57.3125;25.275278;1.0;2019;1;0;0;0
21000.0;89.7;1;5;3860.1;1978;30.0;91.0;12;4;57.511389;24.719167;2.0;2024;1;0;0;0
10000.0;30.9;1;3;1176.3;1967;25.0;30.5;5;1;57.1725;26.761111;2.0;2024;0;0;1;0
45000.0;81.88;1;5;2528.7;1983;10.0;64.2;8;3;57.511389;24.719167;4.0;2024;0;0;1;0
5300.0;63.87;1;5;3611.3;1981;28.0;45.8;7;2;57.420556;27.048611;5.0;2023;0;0;1;0
15000.0;41.83;1;5;3602.7;1982;10.0;39.0;6;2;57.1725;26.761111;3.0;2024;1;0;0;0
3000.0;23.01;1;6;4635.5;1986;29.0;33.9;5;1;57.1725;26.761111;4.0;2024;0;0;1;0
13000.0;31.62;1;5;2426.5;1980;29.0;38.4;6;2;57.511389;24.719167;2.0;2024;0;0;1;0
15000.0;258.75;1;2;461.1;1966;40.0;44.6;5;2;57.3125;25.275278;1.0;2024;0;0;1;0
24000.0;109.64;3;2;229.4;1900;28.0;36.4;6;2;57.3125;25.275278;2.0;2024;0;0;1;0
8000.0;210.04;2;2;359.8;1958;45.0;45.1;6;2;57.1725;26.761111;1.0;2024;0;0;1;0
8000.0;89.68;2;3;507.6;1912;55.0;30.7;2;1;57.511389;24.719167;1.0;2024;0;0;1;0
4659.0;138.66;1;2;584.0;1981;20.0;42.1;5;1;56.851111;26.219444;1.0;2024;0;0;1;0
39000.0;47.26;1;5;3502.3;1964;30.0;39.3;5;2;57.3125;25.275278;2.0;2024;0;0;1;0
40000.0;67.12;1;5;6676.3;1975;30.0;42.3;4;2;57.3125;25.275278;5.0;2024;0;0;1;0
26000.0;256.03;2;2;326.9;1957;55.0;61.2;7;3;57.1725;26.761111;2.0;2024;0;0;1;0
48500.0;74.38;1;4;2055.4;1968;30.0;45.3;6;2;57.424167;25.906667;2.0;2024;0;0;1;0
6000.0;140.19;1;3;723.2;1967;20.0;40.6;7;2;57.511389;24.719167;1.0;2024;0;0;1;0
22000.0;68.26;1;3;1238.6;1963;30.0;29.0;5;1;57.424167;25.906667;1.0;2024;0;0;1;0
20000.0;27.45;1;5;3640.3;1982;10.0;34.0;5;1;57.511389;24.719167;4.0;2024;0;0;1;0
1000.0;438.97;3;1;199.5;1916;60.0;41.9;4;2;57.1725;26.761111;1.0;2024;0;0;1;0
16000.0;64.73;1;5;3012.1;1978;30.0;54.9;7;2;57.1725;26.761111;3.0;2024;0;0;1;0
35000.0;77.13;1;3;1208.6;1961;35.0;40.5;6;2;57.3125;25.275278;1.0;2024;0;0;1;0
35000.0;259.28;1;3;1428.7;1980;16.0;54.4;7;2;57.3125;25.275278;3.0;2024;0;0;1;0
2000.0;108.93;2;3;746.9;1969;35.0;42.4;5;2;57.420556;27.048611;2.0;2024;0;0;1;0
56000.0;56.64;1;4;2760.0;1973;25.0;45.2;6;2;57.3125;25.275278;1.0;2024;0;0;1;0
7500.0;503.16;1;2;210.7;1850;65.0;26.9;3;1;57.751667;24.357222;1.0;2024;0;0;1;0
8000.0;82.8;1;4;1524.2;1984;30.0;44.3;6;2;57.511389;24.719167;3.0;2024;0;0;1;0
4090.0;286.69;1;1;212.3;1958;55.0;38.4;5;1;57.751667;24.357222;1.0;2024;0;0;1;0
7661.0;66.09;1;5;4193.5;1977;15.0;71.7;8;3;57.1725;26.761111;5.0;2024;0;0;1;0
12000.0;44.31;1;5;3611.3;1981;28.0;32.6;5;1;57.420556;27.048611;4.0;2024;0;0;1;0
40000.0;102.96;1;3;1455.6;1987;10.0;55.1;9;2;57.420556;27.048611;3.0;2024;0;0;1;0
23000.0;33.63;1;4;2034.8;1969;30.0;25.7;5;1;57.3125;25.275278;2.0;2023;0;0;1;0
35600.0;49.67;1;5;3502.3;1964;30.0;41.3;5;2;57.3125;25.275278;4.0;2024;0;0;1;0
5000.0;24.69;1;5;2666.5;1985;28.0;28.6;5;1;56.851111;26.219444;1.0;2024;0;0;1;0
25000.0;36.81;1;5;3442.6;1972;20.0;59.2;8;3;57.1725;26.761111;3.0;2024;0;0;1;0
28500.0;89.7;1;5;3860.1;1978;30.0;91.0;12;4;57.511389;24.719167;2.0;2024;0;0;1;0
39900.0;47.9;1;5;3860.1;1978;30.0;45.7;5;2;57.511389;24.719167;4.0;2024;0;0;1;0
6500.0;489.18;2;2;341.2;1840;50.0;46.1;4;2;57.424167;25.906667;2.0;2024;0;0;1;0
20000.0;50.9;1;5;3383.5;1967;36.0;36.5;8;2;57.1725;26.761111;4.0;2024;0;0;1;0
3000.0;389.54;4;1;191.2;1955;55.0;28.0;3;1;57.511389;24.719167;1.0;2024;0;0;1;0
56000.0;121.66;1;5;4993.9;1993;14.0;54.0;8;2;57.3125;25.275278;3.0;2024;0;0;1;0
11000.0;246.99;3;2;343.1;1930;31.0;29.1;4;2;57.3125;25.275278;1.0;2024;1;0;0;0
28000.0;50.5;1;5;3582.9;1962;23.0;43.5;6;2;57.3125;25.275278;4.0;2024;0;0;1;0
13500.0;19.86;1;5;3411.8;1975;15.0;48.9;7;2;57.1725;26.761111;3.0;2024;0;0;1;0
10000.0;28.23;1;5;3627.2;1979;15.0;36.8;5;2;57.1725;26.761111;1.0;2024;0;0;1;0
5500.0;24.12;1;5;5367.3;1992;26.0;45.8;7;2;57.1725;26.761111;4.0;2024;0;0;0;1
12500.0;347.38;2;3;335.4;1913;60.0;24.8;2;1;57.3125;25.275278;3.0;2024;0;0;1;0
6500.0;343.32;2;2;945.4;1951;40.0;35.1;3;2;57.3125;25.275278;2.0;2024;0;0;1;0
76000.0;162.97;1;4;4519.7;1990;23.0;61.2;4;3;57.3125;25.275278;1.0;2024;0;0;1;0
55000.0;75.29;1;4;3156.9;1981;15.0;55.6;7;2;57.3125;25.275278;3.0;2024;0;0;1;0
19000.0;36.77;1;5;3057.3;1975;30.0;55.1;5;2;57.1725;26.761111;4.0;2024;0;0;1;0
40000.0;135.24;1;3;1455.6;1987;10.0;82.3;12;2;57.420556;27.048611;2.0;2024;0;0;1;0
55500.0;116.63;1;4;1524.2;1984;30.0;69.4;8;3;57.511389;24.719167;3.0;2024;0;0;1;0
1500.0;93.55;2;3;827.8;1910;68.0;83.4;7;3;57.3125;25.275278;3.0;2024;0;0;1;0
1155.0;270.43;3;2;718.1;1900;65.0;40.1;4;1;57.1725;26.761111;-1.0;2024;0;0;1;0
5000.0;322.85;2;2;306.7;1980;25.0;60.8;9;2;57.420556;27.048611;1.0;2024;0;0;1;0
78000.0;140.78;1;6;3230.3;2007;10.0;64.3;7;3;57.3125;25.275278;2.0;2024;0;0;1;0
5000.0;76.12;2;2;336.2;1925;45.0;22.6;2;1;56.851111;26.219444;2.0;2024;0;0;1;0
17000.0;48.82;1;3;754.9;1969;40.0;46.8;6;2;57.3125;25.275278;3.0;2024;0;0;1;0
7000.0;36.91;1;5;3057.3;1975;30.0;56.5;7;2;57.1725;26.761111;3.0;2024;0;0;1;0
122500.0;149.55;1;4;5687.9;2007;0.0;97.0;6;4;57.3125;25.275278;3.0;2024;0;0;1;0
16000.0;120.39;1;4;4787.1;1981;25.0;33.3;4;1;57.3125;25.275278;3.0;2024;0;0;1;0
15000.0;344.82;3;1;87.1;1918;50.0;35.8;5;2;57.424167;25.906667;1.0;2024;0;0;1;0
20500.0;53.42;1;3;1168.6;1992;5.0;40.2;7;1;56.851111;26.219444;1.0;2024;0;0;1;0
20000.0;41.87;1;5;3640.3;1982;10.0;53.4;7;2;57.511389;24.719167;2.0;2024;0;0;1;0
5000.0;96.76;1;3;1809.6;1974;30.0;61.3;9;2;57.1725;26.761111;1.0;2024;0;0;1;0
40000.0;1044.29;1;2;210.7;1850;65.0;57.7;4;2;57.751667;24.357222;2.0;2024;0;0;1;0
5000.0;22.36;1;5;2400.0;1972;30.0;48.6;7;2;57.1725;26.761111;4.0;2024;0;0;1;0
20000.0;49.19;1;4;2705.4;1971;10.0;45.9;6;2;57.511389;24.719167;1.0;2024;0;0;1;0
6000.0;148.15;1;2;300.9;1920;55.0;25.6;2;1;57.424167;25.906667;2.0;2024;0;0;1;0
4000.0;123.28;1;3;941.7;1971;30.0;23.0;4;1;57.1725;26.761111;3.0;2024;0;0;1;0
16000.0;34.29;1;4;2034.8;1969;30.0;26.2;5;1;57.3125;25.275278;3.0;2024;0;1;0;0
32000.0;91.04;1;4;3399.1;1986;10.0;46.4;6;2;57.3125;25.275278;3.0;2024;0;0;1;0
36500.0;129.59;1;3;1994.4;1980;25.0;54.4;7;2;57.3125;25.275278;1.0;2024;0;1;0;0
2227.0;394.55;2;2;568.6;1930;55.0;68.8;4;3;57.420556;27.048611;2.0;2024;1;0;0;0
36000.0;28.56;2;3;475.2;1930;23.0;29.9;4;1;57.3125;25.275278;2.0;2024;0;0;1;0
66000.0;57.02;2;3;475.2;1930;23.0;59.7;6;3;57.3125;25.275278;3.0;2024;0;0;1;0
50000.0;331.99;1;3;1842.3;1977;30.0;75.8;9;3;57.3125;25.275278;2.0;2024;0;1;0;0
68000.0;99.73;2;5;3030.0;1985;15.0;67.6;9;3;57.424167;25.906667;1.0;2024;0;1;0;0
20000.0;57.73;1;3;1234.7;1958;35.0;28.8;4;1;57.3125;25.275278;1.0;2024;0;1;0;0
17000.0;26.13;1;5;3577.3;1988;25.0;38.3;6;2;57.1725;26.761111;3.0;2024;0;0;1;0
27500.0;133.82;1;4;3441.7;1979;15.0;56.1;7;2;57.3125;25.275278;4.0;2024;0;1;0;0
64000.0;154.77;1;3;1127.8;1964;16.0;54.9;4;3;57.3125;25.275278;3.0;2024;0;1;0;0
6900.0;11.14;1;5;3411.8;1975;15.0;26.3;4;1;57.1725;26.761111;3.0;2024;0;0;1;0
51000.0;111.35;1;5;2376.0;1988;10.0;54.5;7;2;57.3125;25.275278;4.0;2024;0;1;0;0
12500.0;28.41;1;5;2588.1;1967;30.0;36.1;7;2;57.1725;26.761111;5.0;2024;0;1;0;0
1400.0;37.49;1;5;2588.1;1967;30.0;48.6;7;2;57.1725;26.761111;2.0;2023;0;0;1;0
61000.0;83.03;1;4;3235.9;1976;30.0;55.4;7;2;57.3125;25.275278;3.0;2024;0;1;0;0
15000.0;139.56;1;2;495.3;1915;60.0;72.8;7;3;57.511389;24.719167;1.0;2024;0;1;0;0
15000.0;186.8;2;2;354.3;1959;40.0;45.4;6;2;57.420556;27.048611;2.0;2024;0;1;0;0
2594.0;368.75;2;2;568.6;1930;55.0;64.3;7;2;57.420556;27.048611;1.0;2024;1;0;0;0
2000.0;659.85;2;2;231.6;1941;60.0;41.9;4;3;56.851111;26.219444;2.0;2024;0;1;0;0
10000.0;169.06;1;3;2417.0;1988;5.0;84.4;11;4;57.1725;26.761111;2.0;2024;0;1;0;0
1730.0;35.88;1;2;196.9;1927;50.0;24.3;4;1;56.851111;26.219444;1.0;2021;1;0;0;0
10000.0;124.03;4;3;843.3;1912;45.0;41.7;3;2;57.511389;24.719167;3.0;2024;0;1;0;0
2100.0;260.05;3;3;334.0;1930;60.0;34.9;3;2;57.1725;26.761111;1.0;2024;0;1;0;0
24500.0;38.92;1;5;3050.3;1979;10.0;35.9;5;2;57.511389;24.719167;1.0;2024;0;1;0;0
6000.0;67.25;1;5;1809.8;1984;20.0;45.4;6;2;56.851111;26.219444;4.0;2024;0;1;0;0
17000.0;45.38;1;5;3497.7;1994;31.0;58.2;7;3;57.1725;26.761111;1.0;2024;0;1;0;0
35000.0;50.49;1;5;4053.3;1978;15.0;45.5;6;2;57.1725;26.761111;2.0;2024;0;1;0;0
8000.0;30.85;1;5;3050.3;1979;10.0;28.6;4;1;57.511389;24.719167;1.0;2024;0;1;0;0
3000.0;254.62;1;1;212.3;1958;55.0;34.1;5;1;57.751667;24.357222;1.0;2024;0;1;0;0
23000.0;171.5;2;2;224.1;1934;50.0;31.2;4;1;56.851111;26.219444;1.0;2024;0;1;0;0
15000.0;94.35;4;3;979.0;1937;50.0;20.2;1;1;57.751667;24.357222;2.0;2024;0;1;0;0
69000.0;169.37;1;4;3441.7;1979;15.0;71.0;8;3;57.3125;25.275278;1.0;2024;0;1;0;0
13500.0;199.56;2;2;381.0;1960;25.0;42.8;5;2;57.1725;26.761111;2.0;2024;0;1;0;0
4000.0;105.25;1;3;1274.0;1972;25.0;25.6;4;1;57.3125;25.275278;2.0;2019;1;0;0;0
3600.0;356.54;2;2;341.2;1840;50.0;33.6;2;1;57.424167;25.906667;2.0;2024;0;1;0;0
1200.0;270.43;3;2;718.1;1900;65.0;40.1;4;1;57.1725;26.761111;-1.0;2024;0;1;0;0
6472.04;28.77;1;5;3627.2;1979;15.0;39.4;6;2;57.1725;26.761111;4.0;2024;0;1;0;0
5000.0;26.48;1;5;4391.5;1985;28.0;36.2;4;1;57.1725;26.761111;2.0;2024;0;1;0;0
39000.0;85.13;1;3;1801.4;1968;29.0;45.0;6;2;56.851111;26.219444;3.0;2024;0;1;0;0
10000.0;75.45;2;3;957.9;1964;20.0;38.2;5;2;57.1725;26.761111;3.0;2024;0;1;0;0
5000.0;35.32;1;5;4442.6;1980;42.0;43.3;7;1;57.1725;26.761111;3.0;2024;0;1;0;0
60000.0;50.35;1;3;681.9;1920;55.0;50.5;4;3;57.3125;25.275278;2.0;2024;0;1;0;0
20000.0;57.92;1;4;1999.5;1972;20.0;46.0;6;2;57.511389;24.719167;3.0;2024;0;1;0;0
20000.0;47.83;1;5;3582.9;1962;23.0;41.2;5;2;57.3125;25.275278;4.0;2024;0;1;0;0
9000.0;22.43;1;5;3619.3;1986;13.0;38.7;6;2;57.1725;26.761111;4.0;2024;0;0;1;0
2350.0;33.16;1;4;960.6;1971;20.0;20.0;4;1;57.1725;26.761111;3.0;2024;0;1;0;0
21000.0;120.39;1;4;4787.1;1981;25.0;33.3;4;1;57.3125;25.275278;3.0;2024;0;1;0;0
55000.0;46.52;2;3;475.2;1930;23.0;48.7;5;2;57.3125;25.275278;3.0;2024;0;1;0;0
16000.0;51.14;1;4;2217.6;1970;15.0;25.7;4;1;57.3125;25.275278;3.0;2024;0;1;0;0
35000.0;104.48;1;4;1622.5;1985;10.0;60.6;8;2;57.3125;25.275278;1.0;2024;0;1;0;0
13000.0;61.16;1;5;4917.1;1985;28.0;54.0;9;2;56.851111;26.219444;3.0;2024;0;1;0;0
4400.0;53.55;1;5;3599.0;1981;20.0;31.6;5;1;56.851111;26.219444;2.0;2024;0;1;0;0
3500.0;22.85;1;5;3641.6;1974;15.0;31.9;5;1;57.1725;26.761111;5.0;2024;0;1;0;0
5000.0;188.69;2;2;1118.1;1959;40.0;51.6;6;2;56.851111;26.219444;2.0;2024;0;1;0;0
35000.0;32.67;2;3;475.2;1930;23.0;34.2;4;1;57.3125;25.275278;2.0;2024;0;1;0;0
5200.0;371.28;2;2;478.0;1977;20.0;31.6;5;1;57.424167;25.906667;2.0;2020;0;1;0;0
5000.0;33.4;1;5;2339.8;1964;40.0;38.3;6;2;56.851111;26.219444;4.0;2024;0;1;0;0
7000.0;182.91;1;2;1259.5;1982;20.0;47.2;6;2;57.1725;26.761111;1.0;2024;0;1;0;0
6320.0;455.72;3;2;220.1;1966;35.0;53.6;7;2;56.851111;26.219444;1.0;2024;0;1;0;0
80000.0;712.7;1;2;428.9;2007;30.0;120.1;11;3;57.3125;25.275278;0.0;2024;0;1;0;0
30000.0;81.14;1;4;2141.3;1968;30.0;48.6;7;2;57.3125;25.275278;2.0;2024;0;1;0;0
6000.0;40.81;1;5;3602.7;1982;10.0;36.1;5;2;57.1725;26.761111;1.0;2024;0;1;0;0
11000.0;156.93;3;2;916.2;1912;55.0;45.8;5;2;57.511389;24.719167;1.0;2024;0;0;0;1
4000.0;34.43;1;5;4442.6;1980;42.0;42.8;5;1;57.1725;26.761111;3.0;2019;0;0;0;1
45000.0;82.87;1;3;1882.1;1964;30.0;55.0;8;3;57.1725;26.761111;2.0;2024;0;1;0;0
6000.0;102.2;2;2;315.7;1961;40.0;34.8;4;1;56.851111;26.219444;1.0;2024;0;1;0;0
7170.0;473.39;2;2;217.5;1850;55.0;40.0;7;2;57.3125;25.275278;2.0;2024;0;1;0;0
4500.0;46.13;5;3;682.2;1908;60.0;21.6;2;1;57.511389;24.719167;2.0;2024;0;1;0;0
23000.0;182.74;2;2;242.6;1912;45.0;41.0;3;2;57.3125;25.275278;2.0;2024;0;1;0;0
27000.0;149.37;1;3;1113.8;1964;35.0;29.4;4;1;57.3125;25.275278;1.0;2024;0;1;0;0
50000.0;228.69;2;2;336.2;1925;45.0;65.9;5;2;56.851111;26.219444;1.0;2024;0;1;0;0
5000.0;101.57;1;5;4317.5;1987;5.0;38.9;6;1;57.511389;24.719167;1.0;2024;0;1;0;0
12000.0;45.01;1;5;4193.5;1977;15.0;46.1;6;2;57.1725;26.761111;5.0;2018;0;0;1;0
2677.5;905.57;6;2;295.5;1860;48.0;40.8;3;2;57.1725;26.761111;1.0;2024;0;1;0;0
12000.0;35.05;1;5;4442.6;1980;42.0;42.9;7;1;57.1725;26.761111;1.0;2024;0;1;0;0
25000.0;44.22;1;5;3042.2;1980;28.0;46.5;6;2;57.1725;26.761111;5.0;2024;0;1;0;0
7600.0;319.01;2;2;162.8;1846;70.0;28.0;5;1;57.3125;25.275278;1.0;2024;0;1;0;0
7000.0;46.64;1;5;3627.2;1979;15.0;62.7;8;3;57.1725;26.761111;3.0;2024;0;1;0;0
14000.0;59.72;1;4;3242.2;1971;45.0;51.8;7;2;57.3125;25.275278;3.0;2024;0;1;0;0
29500.0;40.75;1;6;4464.0;1986;30.0;69.5;9;3;57.1725;26.761111;5.0;2024;0;1;0;0
24000.0;10.76;1;5;1663.0;1910;45.0;33.5;5;2;57.3125;25.275278;5.0;2024;0;1;0;0
42500.0;44.57;1;4;2667.0;1970;20.0;60.2;8;3;57.511389;24.719167;2.0;2024;0;1;0;0
11800.0;89.61;1;5;2161.2;1991;27.0;72.8;8;3;57.1725;26.761111;2.0;2024;0;1;0;0
14000.0;489.94;2;2;214.5;1928;55.0;37.9;4;2;57.424167;25.906667;2.0;2024;0;1;0;0
3000.0;64.25;4;3;843.3;1912;45.0;21.6;2;1;57.511389;24.719167;1.0;2024;0;1;0;0
90000.0;182.78;1;4;3039.5;2007;14.0;114.9;6;2;57.3125;25.275278;4.0;2024;0;1;0;0
12657.0;171.66;1;4;5713.7;1982;15.0;54.1;7;2;57.3125;25.275278;3.0;2024;0;1;0;0
14000.0;578.32;1;2;870.9;1900;35.0;128.7;13;6;57.3125;25.275278;1.0;2024;0;1;0;0
10000.0;180.26;1;3;607.9;1910;50.0;35.2;4;2;57.3125;25.275278;1.0;2024;1;0;0;0
4000.0;476.78;3;1;136.3;1908;60.0;27.4;2;1;56.851111;26.219444;1.0;2024;0;1;0;0
36500.0;92.93;1;4;2473.6;1990;10.0;45.7;6;2;57.3125;25.275278;3.0;2024;0;1;0;0
21000.0;95.91;1;4;2217.6;1970;15.0;48.2;7;2;57.3125;25.275278;4.0;2024;0;1;0;0
2000.0;535.71;3;2;212.3;1940;55.0;36.3;4;2;57.420556;27.048611;1.0;2024;0;0;0;1
67000.0;217.63;1;5;4876.9;1991;26.0;89.7;10;4;57.3125;25.275278;4.0;2024;0;1;0;0
1000.0;10.88;1;5;3411.8;1975;15.0;25.6;4;1;57.1725;26.761111;2.0;2024;0;1;0;0
23000.0;58.1;1;4;2141.3;1968;30.0;34.8;6;2;57.3125;25.275278;3.0;2024;0;0;0;1
25300.0;81.38;1;5;4413.1;1986;27.0;42.6;6;1;57.3125;25.275278;4.0;2024;0;1;0;0
4900.0;44.31;1;5;3611.3;1981;29.0;32.6;5;1;57.420556;27.048611;3.0;2023;0;1;0;0
14000.0;43.19;1;5;3577.3;1988;25.0;62.1;7;3;57.1725;26.761111;2.0;2024;0;0;0;1
50000.0;143.54;1;4;5687.9;2007;0.0;93.1;5;3;57.3125;25.275278;1.0;2024;0;0;0;1
40000.0;164.72;1;3;2587.7;1975;25.0;54.4;7;2;57.3125;25.275278;2.0;2024;0;1;0;0
21000.0;46.9;1;5;2633.3;1969;27.0;46.6;6;2;57.1725;26.761111;1.0;2024;0;0;0;1
4000.0;77.83;1;4;3869.4;1984;20.0;38.7;4;1;57.3125;25.275278;4.0;2024;0;0;0;1
1284.0;260.49;2;2;545.0;1964;49.0;28.3;3;1;57.1725;26.761111;2.0;2024;0;0;0;1
40000.0;174.52;1;4;5713.7;1982;15.0;55.0;7;2;57.3125;25.275278;2.0;2024;0;0;0;1
27500.0;152.49;1;4;2286.1;1978;25.0;72.1;10;3;56.406944;24.186389;4.0;2023;0;0;0;1
7000.0;21.88;1;5;3427.3;1983;15.0;31.8;5;1;56.604167;25.255278;5.0;2023;0;0;0;1
65000.0;59.97;1;9;7069.1;1977;40.0;61.3;8;3;56.5975;24.196667;6.0;2023;0;0;0;1
4500.0;360.88;3;2;407.8;1940;45.0;35.5;4;2;56.406944;24.186389;2.0;2023;0;1;0;0
36000.0;17.85;1;9;2274.9;1984;15.0;57.2;8;3;56.604167;25.255278;2.0;2024;0;0;0;1
15000.0;20.18;1;4;2956.0;1975;20.0;36.0;5;2;56.624167;23.28;1.0;2024;0;0;0;1
12000.0;14.54;1;9;4758.4;1982;15.0;50.8;8;2;56.624167;23.28;4.0;2024;0;0;0;1
12000.0;60.48;1;5;3040.8;2004;10.0;54.7;6;2;56.5975;24.196667;2.0;2023;0;0;0;1
40000.0;58.75;1;5;2017.6;1983;29.0;51.1;7;2;56.406944;24.186389;4.0;2024;0;0;0;1
1500.0;23.63;3;2;393.0;1955;40.0;15.3;1;1;56.406944;24.186389;2.0;2024;0;0;0;1
14250.0;191.48;3;2;274.9;1930;31.0;37.3;5;1;56.406944;24.186389;1.0;2024;0;0;0;1
10000.0;41.34;1;5;2493.8;1967;20.0;49.2;7;2;56.406944;24.186389;3.0;2023;0;0;0;1
45000.0;208.69;1;3;2011.2;1973;30.0;53.7;9;2;56.5975;24.196667;1.0;2024;0;0;0;1
3700.0;71.86;4;2;314.5;1930;50.0;19.3;2;1;56.406944;24.186389;2.0;2024;0;0;0;1
57500.0;125.42;1;3;4173.0;1985;20.0;85.5;11;4;56.5975;24.196667;1.0;2024;0;0;0;1
23750.0;88.92;1;4;3056.0;1986;15.0;68.7;8;3;56.624167;23.28;1.0;2024;0;0;0;1
33000.0;46.88;1;5;3073.8;2006;14.0;66.9;4;2;56.604167;25.255278;1.0;2024;0;0;0;1
42000.0;118.31;1;3;843.5;1976;30.0;53.2;6;2;56.406944;24.186389;3.0;2024;0;0;0;1
15535.0;32.85;1;5;3422.8;1980;28.0;47.2;6;2;56.604167;25.255278;5.0;2024;0;0;0;1
43000.0;61.83;1;4;3455.6;1978;30.0;70.4;8;3;56.624167;23.28;4.0;2024;0;0;0;1
15000.0;54.57;1;5;2039.4;2006;19.0;53.0;4;1;56.604167;25.255278;2.0;2023;0;0;0;1
8500.0;23.59;1;5;3842.4;1985;33.0;35.9;6;1;56.604167;25.255278;2.0;2024;0;0;0;1
14500.0;35.01;1;5;2039.4;2006;19.0;35.1;2;1;56.604167;25.255278;5.0;2024;0;0;0;1
6400.0;12.52;1;5;2563.9;1970;20.0;26.1;4;1;56.624167;23.28;3.0;2021;0;0;0;1
65000.0;74.19;1;5;3040.8;2004;10.0;66.8;6;3;56.5975;24.196667;5.0;2024;0;0;0;1
8000.0;34.18;1;5;5400.2;1981;10.0;51.1;6;2;56.604167;25.255278;2.0;2024;0;0;0;1
8000.0;33.51;1;5;3430.1;1983;15.0;44.2;6;2;56.604167;25.255278;4.0;2024;0;0;0;1
5000.0;44.4;1;5;4117.0;1990;10.0;52.4;7;2;56.5975;24.196667;3.0;2024;0;0;0;1
20000.0;55.01;1;10;6984.9;1981;29.0;59.7;9;3;56.5975;24.196667;1.0;2024;0;0;0;1
6000.0;263.15;1;2;855.4;1960;35.0;38.1;6;2;56.5975;24.196667;2.0;2024;0;0;0;1
24850.0;235.74;1;2;2024.9;1985;15.0;34.8;4;1;56.406944;24.186389;2.0;2024;1;0;0;0
14200.0;13.58;1;5;3246.4;1966;15.0;25.2;4;1;56.624167;23.28;2.0;2024;0;0;0;1
7000.0;263.15;1;2;855.4;1960;35.0;38.1;6;2;56.5975;24.196667;2.0;2024;1;0;0;0
25300.0;90.43;1;4;2470.7;1990;10.0;76.9;10;3;56.406944;24.186389;3.0;2024;1;0;0;0
10000.0;59.8;1;5;2880.0;1978;30.0;52.9;7;2;56.406944;24.186389;5.0;2024;1;0;0;0
18200.0;96.9;2;2;778.9;1950;40.0;39.4;6;1;56.406944;24.186389;2.0;2024;1;0;0;0
10000.0;37.04;1;5;4043.3;1979;30.0;42.4;7;1;56.406944;24.186389;2.0;2024;1;0;0;0
29000.0;62.36;1;5;5121.5;1972;30.0;50.6;7;2;56.406944;24.186389;2.0;2024;1;0;0;0
32000.0;29.67;1;5;2967.6;1986;15.0;54.2;7;2;56.624167;23.28;2.0;2024;1;0;0;0
16800.0;30.44;1;5;3320.6;1985;20.0;38.1;6;2;56.604167;25.255278;4.0;2024;1;0;0;0
2500.0;202.03;3;2;253.2;1940;56.0;42.5;5;1;56.406944;24.186389;2.0;2024;0;0;0;1
8000.0;93.82;1;2;363.8;1880;55.0;33.5;4;2;56.624167;23.28;2.0;2024;1;0;0;0
39000.0;64.08;1;5;2436.6;1960;35.0;48.7;7;2;56.5975;24.196667;3.0;2024;1;0;0;0
19000.0;13.97;1;5;2921.0;1983;20.0;33.3;5;1;56.624167;23.28;3.0;2024;1;0;0;0
27600.0;346.98;1;2;370.7;1960;40.0;47.5;6;2;56.406944;24.186389;2.0;2024;1;0;0;0
11900.0;11.4;1;9;4768.7;1980;26.0;50.5;8;2;56.624167;23.28;8.0;2020;1;0;0;0
8000.0;13.75;1;5;3385.7;1983;15.0;31.9;5;1;56.604167;25.255278;4.0;2024;1;0;0;0
32000.0;223.73;2;3;1270.9;1985;12.0;46.6;8;2;56.5975;24.196667;3.0;2024;1;0;0;0
22000.0;50.74;1;4;2389.5;1964;30.0;30.3;4;1;56.5975;24.196667;2.0;2024;0;0;0;1
2000.0;328.79;1;2;137.2;1950;45.0;36.8;5;1;56.624167;23.28;1.0;2024;1;0;0;0
15000.0;57.46;1;5;6424.5;1976;20.0;55.0;7;2;56.624167;23.28;3.0;2024;1;0;0;0
4000.0;107.99;1;3;1699.5;1972;30.0;39.9;5;2;56.406944;24.186389;2.0;2024;1;0;0;0
10793.0;15.28;1;5;3248.4;1987;10.0;37.5;6;2;56.604167;25.255278;4.0;2024;1;0;0;0
10000.0;35.02;1;5;2589.0;1982;10.0;48.7;6;2;56.604167;25.255278;2.0;2024;1;0;0;0
17887.0;39.35;1;5;3520.1;1987;10.0;63.0;7;3;56.604167;25.255278;5.0;2021;0;1;0;0
9000.0;20.74;1;5;3520.1;1987;10.0;33.2;5;1;56.604167;25.255278;2.0;2024;1;0;0;0
5000.0;17.89;1;5;3385.7;1983;15.0;40.6;6;2;56.604167;25.255278;4.0;2024;1;0;0;0
42500.0;55.54;1;5;3933.0;1995;25.0;45.1;6;2;56.5975;24.196667;2.0;2024;1;0;0;0
21500.0;29.97;1;10;6984.9;1981;29.0;31.6;4;1;56.5975;24.196667;8.0;2024;1;0;0;0
63000.0;142.99;1;5;2763.5;2007;13.0;79.8;4;2;56.406944;24.186389;1.0;2024;1;0;0;0
6400.0;124.84;3;2;173.8;1920;60.0;54.6;4;3;56.406944;24.186389;1.0;2024;0;0;0;1
20000.0;728.46;1;2;278.7;1970;20.0;51.4;6;2;56.406944;24.186389;1.0;2024;1;0;0;0
10000.0;57.2;1;5;2991.1;1981;25.0;51.2;7;2;56.406944;24.186389;5.0;2024;1;0;0;0
4400.0;51.99;1;2;400.2;1920;50.0;18.7;2;1;56.406944;24.186389;2.0;2023;0;0;0;1
26492.0;22.83;1;5;3275.5;1971;29.0;48.6;7;2;56.624167;23.28;2.0;2024;1;0;0;0
15000.0;23.55;1;5;4486.5;1980;26.0;39.2;4;1;56.604167;25.255278;3.0;2024;1;0;0;0
25000.0;108.46;1;3;1719.8;1979;30.0;57.1;9;2;56.406944;24.186389;3.0;2024;1;0;0;0
5500.0;93.22;2;2;392.2;1960;65.0;32.9;3;1;56.406944;24.186389;2.0;2024;1;0;0;0
20500.0;234.39;1;2;2024.9;1985;15.0;34.6;4;1;56.406944;24.186389;2.0;2024;1;0;0;0
32000.0;323.61;1;2;338.6;1958;35.0;45.7;5;2;56.406944;24.186389;2.0;2024;1;0;0;0
45000.0;57.02;1;5;2530.2;1969;15.0;47.6;9;2;56.406944;24.186389;4.0;2024;1;0;0;0
10500.0;12.52;1;5;2563.9;1970;20.0;26.1;4;1;56.624167;23.28;3.0;2024;1;0;0;0
34000.0;106.64;1;3;2113.8;1985;10.0;53.5;7;2;56.406944;24.186389;3.0;2024;1;0;0;0
15500.0;30.16;1;10;6984.9;1981;30.0;31.8;4;1;56.5975;24.196667;7.0;2024;1;0;0;0
29200.0;69.43;1;10;6984.9;1981;30.0;76.6;10;4;56.5975;24.196667;9.0;2024;1;0;0;0
26000.0;120.78;1;2;316.4;1939;40.0;49.2;6;2;56.624167;23.28;1.0;2024;1;0;0;0
25000.0;35.19;1;5;3681.1;1989;10.0;52.4;6;2;56.604167;25.255278;4.0;2024;1;0;0;0
35000.0;31.45;1;5;3183.9;1988;10.0;59.9;7;3;56.604167;25.255278;2.0;2024;1;0;0;0
19000.0;289.85;1;1;392.0;1976;30.0;64.5;7;2;56.5975;24.196667;1.0;2024;1;0;0;0
63000.0;137.14;1;3;1719.8;1979;30.0;72.2;10;3;56.406944;24.186389;3.0;2024;1;0;0;0
19500.0;20.91;1;4;2956.0;1975;20.0;38.9;6;2;56.624167;23.28;2.0;2024;1;0;0;0
22000.0;57.24;1;5;6424.5;1976;20.0;55.3;7;2;56.624167;23.28;2.0;2024;0;0;1;0
13400.0;19.16;1;5;3183.9;1988;10.0;36.5;5;2;56.604167;25.255278;3.0;2024;0;0;1;0
11000.0;45.87;1;5;3409.7;1970;20.0;43.3;5;2;56.406944;24.186389;1.0;2024;0;0;1;0
19000.0;36.27;1;5;4043.3;1979;30.0;41.4;7;1;56.406944;24.186389;1.0;2024;0;0;1;0
9900.0;54.51;1;5;2530.2;1969;15.0;45.5;8;2;56.406944;24.186389;2.0;2024;1;0;0;0
17700.0;44.36;1;5;3573.9;1960;30.0;39.4;6;2;56.5975;24.196667;5.0;2024;1;0;0;0
21000.0;109.34;1;3;1308.0;1972;25.0;41.6;5;2;56.5975;24.196667;3.0;2024;0;0;1;0
20000.0;29.16;1;5;3361.1;1967;30.0;61.3;8;3;56.624167;23.28;3.0;2024;0;0;1;0
10556.0;144.06;1;3;2021.5;1975;30.0;53.1;9;2;56.5975;24.196667;3.0;2024;0;0;1;0
23000.0;63.84;1;3;4173.0;1985;20.0;43.0;5;1;56.5975;24.196667;1.0;2024;0;0;1;0
21000.0;50.42;1;3;660.0;1965;15.0;41.8;6;2;56.624167;23.28;3.0;2024;0;0;1;0
10000.0;28.32;1;5;3385.7;1983;15.0;62.7;8;3;56.604167;25.255278;3.0;2024;0;0;1;0
6000.0;15.12;1;5;3183.9;1988;10.0;28.8;4;1;56.604167;25.255278;5.0;2024;0;0;1;0
27000.0;79.06;1;5;2867.4;1974;30.0;54.8;9;2;56.5975;24.196667;4.0;2024;0;0;1;0
3400.0;177.78;3;2;253.2;1940;56.0;37.4;2;1;56.406944;24.186389;1.0;2024;0;0;1;0
3000.0;143.56;3;2;253.2;1940;56.0;30.2;3;1;56.406944;24.186389;1.0;2024;0;0;1;0
24300.0;306.76;1;2;803.2;1994;5.0;69.3;8;3;56.624167;23.28;1.0;2024;0;0;1;0
20000.0;19.23;1;5;2842.5;1988;28.0;33.3;5;1;56.604167;25.255278;1.5;2024;0;0;1;0
17000.0;45.87;1;5;3409.7;1970;20.0;43.3;5;2;56.406944;24.186389;1.0;2024;0;0;1;0
8244.0;22.05;1;5;4486.5;1980;26.0;36.7;4;1;56.604167;25.255278;3.0;2024;0;0;1;0
2500.0;81.0;2;2;490.8;1918;55.0;26.6;2;1;56.624167;23.28;2.0;2024;0;0;1;0
8000.0;23.59;1;5;3842.4;1985;33.0;35.9;6;1;56.604167;25.255278;2.0;2024;0;0;1;0
50000.0;225.61;1;3;2179.3;1978;30.0;74.4;9;3;56.406944;24.186389;2.0;2024;0;0;1;0
22500.0;29.97;1;10;6984.9;1981;30.0;31.6;4;1;56.5975;24.196667;8.0;2024;0;0;1;0
27000.0;117.91;1;3;1641.0;1980;20.0;69.0;9;3;56.624167;23.28;2.0;2024;0;0;1;0
87000.0;109.53;1;5;3063.3;2006;14.0;145.8;12;7;56.604167;25.255278;4.5;2024;0;0;1;0
16000.0;615.9;2;3;497.9;1959;45.0;79.7;6;3;56.406944;24.186389;1.0;2024;0;0;1;0
28000.0;128.28;1;3;1699.5;1972;30.0;47.4;6;2;56.406944;24.186389;3.0;2024;0;0;1;0
42000.0;60.07;1;5;2907.8;1985;28.0;52.0;7;2;56.5975;24.196667;5.0;2024;0;0;1;0
16000.0;49.88;1;4;2470.7;1990;10.0;38.5;6;1;56.406944;24.186389;1.0;2024;0;0;1;0
25000.0;43.63;1;5;3764.1;1984;10.0;71.2;7;3;56.604167;25.255278;3.0;2024;0;0;1;0
5000.0;141.42;3;2;264.7;1920;65.0;26.8;2;1;56.406944;24.186389;1.0;2024;0;0;1;0
11000.0;90.47;2;2;635.5;1960;40.0;29.4;5;1;56.406944;24.186389;1.0;2024;0;0;1;0
11500.0;33.35;1;4;2956.0;1975;20.0;59.5;7;3;56.624167;23.28;1.0;2019;1;0;0;0
8000.0;25.88;1;5;3119.3;1981;29.0;44.7;6;2;56.604167;25.255278;2.0;2024;0;0;1;0
14000.0;106.71;1;3;1308.0;1972;25.0;40.6;5;2;56.5975;24.196667;2.0;2024;0;0;1;0
14600.0;17.36;1;5;2563.9;1970;20.0;35.5;6;2;56.624167;23.28;4.0;2024;0;0;1;0
16000.0;17.82;1;5;3993.5;1988;10.0;33.9;5;1;56.604167;25.255278;2.0;2024;0;0;1;0
32000.0;22.1;1;5;3275.5;1971;29.0;45.1;6;2;56.624167;23.28;4.0;2024;0;0;1;0
21000.0;54.07;1;5;2039.4;2006;19.0;54.2;5;2;56.604167;25.255278;3.0;2024;0;0;1;0
5500.0;23.14;1;5;3607.5;1978;10.0;28.9;4;1;56.624167;23.28;1.0;2022;0;0;1;0
1900.0;121.96;3;2;543.1;1940;50.0;27.1;2;1;56.406944;24.186389;1.0;2024;0;0;1;0
6000.0;24.68;1;5;3320.6;1985;20.0;31.4;5;1;56.604167;25.255278;3.0;2024;0;0;1;0
56500.0;113.7;1;4;3056.0;1986;15.0;88.5;12;3;56.624167;23.28;2.0;2024;0;0;1;0
14500.0;54.09;1;3;862.7;1969;30.0;25.9;4;1;56.406944;24.186389;1.0;2024;0;0;1;0
18435.0;32.28;1;5;3764.1;1984;10.0;55.7;7;2;56.604167;25.255278;4.0;2024;0;0;1;0
18000.0;51.41;1;4;2389.5;1964;30.0;30.2;4;1;56.5975;24.196667;3.0;2024;0;0;1;0
14000.0;19.23;1;5;2842.5;1988;28.0;33.3;5;1;56.604167;25.255278;1.5;2024;0;0;1;0
7000.0;19.53;1;5;3248.4;1987;10.0;44.6;6;2;56.604167;25.255278;2.0;2024;0;0;1;0
13693.0;30.1;1;5;4486.5;1980;26.0;50.1;5;2;56.604167;25.255278;3.0;2024;0;0;1;0
14600.0;21.19;1;5;3119.3;1981;29.0;36.6;5;2;56.604167;25.255278;1.0;2018;0;0;0;1
18000.0;31.37;1;5;5121.5;1972;30.0;24.6;4;1;56.406944;24.186389;3.0;2024;0;0;1;0
35000.0;54.16;1;10;6984.9;1981;30.0;59.0;9;3;56.5975;24.196667;6.0;2024;0;0;1;0
6300.0;270.4;3;2;414.8;1940;50.0;46.9;5;3;56.406944;24.186389;2.0;2024;0;0;1;0
20700.0;62.71;1;5;2436.6;1960;35.0;50.1;7;2;56.5975;24.196667;5.0;2024;0;0;1;0
48000.0;20.74;1;9;4778.0;1979;16.0;78.7;11;4;56.624167;23.28;2.0;2024;0;0;1;0
35400.0;48.04;1;5;3607.5;1978;10.0;61.7;8;3;56.624167;23.28;4.0;2024;0;0;1;0
30000.0;22.83;1;5;3275.5;1971;29.0;48.6;7;2;56.624167;23.28;2.0;2024;0;0;1;0
42000.0;26.64;1;5;2921.0;1983;20.0;64.9;8;3;56.624167;23.28;1.0;2024;0;0;1;0
10000.0;2765.64;5;2;146.0;1950;55.0;44.5;4;2;56.5975;24.196667;2.0;2024;0;0;1;0
55000.0;248.81;1;3;2399.8;1985;28.0;86.0;13;4;56.5975;24.196667;1.0;2024;0;0;1;0
5000.0;45.59;1;3;854.5;1973;30.0;20.3;4;1;56.406944;24.186389;1.0;2024;0;0;1;0
38000.0;66.26;1;3;4173.0;1985;20.0;43.8;5;1;56.5975;24.196667;3.0;2024;0;0;1;0
15000.0;4313.15;5;2;146.0;1950;55.0;34.7;3;2;56.5975;24.196667;1.0;2024;0;0;1;0
15500.0;21.11;1;5;3385.7;1983;15.0;47.6;7;2;56.604167;25.255278;3.0;2024;0;0;1;0
8000.0;192.53;2;2;148.2;1920;50.0;41.2;4;2;56.624167;23.28;1.0;2024;0;0;1;0
1440.0;77.48;1;3;557.8;1965;30.0;42.2;5;2;56.624167;23.28;2.0;2024;0;0;1;0
30000.0;346.98;1;2;370.7;1960;40.0;47.5;6;2;56.406944;24.186389;2.0;2024;0;0;1;0
55000.0;253.75;1;3;2399.8;1985;28.0;82.2;13;4;56.5975;24.196667;1.0;2024;0;1;0;0
34750.0;31.82;1;5;4453.9;1979;30.0;40.6;5;2;56.5975;24.196667;2.0;2024;0;1;0;0
14000.0;45.34;1;10;6984.9;1981;30.0;47.8;7;2;56.5975;24.196667;3.0;2024;0;1;0;0
14500.0;28.99;1;5;4979.4;1979;30.0;46.5;7;2;56.604167;25.255278;2.0;2024;0;1;0;0
10940.0;41.09;1;3;1857.9;1977;15.0;60.8;8;2;56.624167;23.28;2.0;2024;0;0;1;0
37000.0;95.14;1;5;972.3;1982;25.0;85.2;13;4;56.5975;24.196667;3.0;2024;0;1;0;0
35000.0;113.17;1;3;1007.8;1970;30.0;51.4;9;2;56.5975;24.196667;1.0;2024;0;1;0;0
13693.0;39.54;1;5;4428.7;1985;10.0;51.4;7;2;56.604167;25.255278;4.0;2024;0;0;1;0
60000.0;335.11;1;3;2932.9;1980;20.0;98.0;10;3;56.406944;24.186389;0.0;2024;0;1;0;0
43500.0;17.67;1;9;4769.3;1980;25.0;78.9;11;4;56.624167;23.28;5.0;2024;0;1;0;0
8000.0;317.71;1;2;855.4;1960;35.0;46.0;6;2;56.5975;24.196667;1.0;2024;0;1;0;0
7400.0;112.94;3;2;274.9;1930;31.0;22.0;3;1;56.406944;24.186389;1.0;2024;0;1;0;0
9500.0;244.06;1;2;377.2;1959;40.0;41.9;7;2;56.406944;24.186389;1.0;2024;0;0;1;0
27000.0;115.28;1;5;4021.1;1987;28.0;52.2;7;2;56.5975;24.196667;3.0;2024;0;1;0;0
10893.0;28.26;1;5;3430.1;1983;15.0;40.1;6;2;56.604167;25.255278;4.0;2024;0;1;0;0
15000.0;56.69;1;3;843.5;1976;30.0;27.6;4;1;56.406944;24.186389;1.0;2017;0;1;0;0
11801.48;17.7;1;9;4769.3;1980;25.0;79.0;11;4;56.624167;23.28;6.0;2024;0;1;0;0
17000.0;37.13;1;5;4043.3;1979;30.0;38.9;7;1;56.406944;24.186389;3.0;2024;0;1;0;0
25000.0;42.64;1;5;3681.1;1989;10.0;63.5;7;3;56.604167;25.255278;5.0;2024;0;1;0;0
9000.0;65.62;1;2;405.8;1930;55.0;21.3;5;1;56.624167;23.28;1.0;2024;0;1;0;0
23000.0;50.2;1;5;3409.7;1970;20.0;48.5;7;2;56.406944;24.186389;2.0;2024;0;1;0;0
8900.0;23.98;1;5;2565.1;1986;20.0;32.7;5;1;56.604167;25.255278;4.0;2024;0;1;0;0
9200.0;76.2;1;3;557.8;1965;30.0;42.1;5;2;56.624167;23.28;1.0;2024;0;1;0;0
13500.0;23.73;1;5;4486.5;1980;26.0;39.5;4;1;56.604167;25.255278;2.0;2024;0;1;0;0
30000.0;51.6;1;4;2507.4;1959;30.0;43.4;3;2;56.406944;24.186389;3.0;2024;0;1;0;0
3650.0;60.32;2;2;386.2;1891;65.0;20.6;2;1;56.406944;24.186389;2.0;2024;0;1;0;0
20500.0;62.01;1;4;1798.3;1983;15.0;36.6;4;1;56.406944;24.186389;3.0;2024;0;1;0;0
34000.0;110.31;1;3;1007.8;1970;30.0;50.1;9;2;56.5975;24.196667;3.0;2024;0;1;0;0
15400.0;36.6;1;5;2493.0;1974;30.0;37.5;7;2;56.5975;24.196667;3.0;2024;0;1;0;0
10000.0;86.85;1;3;1601.6;1990;10.0;56.6;7;2;56.624167;23.28;1.0;2024;0;1;0;0
50000.0;54.06;1;10;6984.9;1981;30.0;57.0;9;3;56.5975;24.196667;2.0;2024;0;1;0;0
10000.0;30.73;1;10;6984.9;1981;30.0;32.4;4;1;56.5975;24.196667;3.0;2024;0;1;0;0
10000.0;196.46;3;3;739.5;1961;31.0;46.6;6;2;56.406944;24.186389;3.0;2024;0;1;0;0
25000.0;113.38;1;3;843.5;1976;30.0;55.2;5;2;56.406944;24.186389;1.0;2024;0;1;0;0
9800.0;12.48;1;5;3248.4;1987;10.0;28.5;4;1;56.604167;25.255278;4.0;2024;0;1;0;0
16000.0;26.8;1;5;4453.9;1979;30.0;34.2;5;1;56.5975;24.196667;2.0;2024;0;1;0;0
37300.0;43.04;1;5;3681.1;1989;10.0;64.1;7;3;56.604167;25.255278;1.0;2024;0;1;0;0
9500.0;65.74;1;4;1798.3;1983;15.0;38.8;4;1;56.406944;24.186389;3.0;2024;0;1;0;0
10000.0;192.53;2;2;148.2;1920;50.0;41.2;4;2;56.624167;23.28;1.0;2024;0;1;0;0
15000.0;83.97;1;3;1312.4;1962;35.0;43.3;6;2;56.406944;24.186389;1.0;2024;0;1;0;0
12700.0;63.15;1;5;1983.4;1985;20.0;52.5;7;2;56.406944;24.186389;5.0;2024;0;1;0;0
10000.0;57.94;1;3;854.5;1973;30.0;25.8;4;1;56.406944;24.186389;2.0;2024;0;1;0;0
34500.0;41.71;1;3;1315.4;1970;30.0;71.1;8;3;56.624167;23.28;1.0;2024;0;1;0;0
3800.0;45.78;1;2;323.1;1960;50.0;28.4;2;1;56.406944;24.186389;1.0;2024;0;1;0;0
6900.0;109.3;1;3;448.9;1957;40.0;46.9;6;2;56.406944;24.186389;1.0;2024;0;1;0;0
7000.0;58.41;1;5;2880.0;1978;30.0;50.4;7;2;56.406944;24.186389;2.0;2024;0;1;0;0
48000.0;95.14;1;5;972.3;1982;25.0;85.2;13;4;56.5975;24.196667;3.0;2024;0;1;0;0
25500.0;57.24;1;5;6424.5;1976;20.0;55.3;7;2;56.624167;23.28;2.0;2024;0;1;0;0
4000.0;115.0;3;2;162.6;1920;60.0;31.7;5;2;56.406944;24.186389;1.0;2024;0;1;0;0
24000.0;42.51;1;5;2537.6;1970;30.0;34.7;6;2;56.406944;24.186389;1.0;2024;0;1;0;0
11000.0;67.21;1;5;3012.6;1977;30.0;53.9;7;2;56.406944;24.186389;4.0;2024;0;1;0;0
6600.0;80.29;1;3;1852.2;1963;20.0;39.5;5;2;56.624167;23.28;1.0;2018;0;0;0;1
20000.0;31.48;1;5;4486.5;1980;26.0;52.4;6;2;56.604167;25.255278;3.0;2024;0;1;0;0
60000.0;61.52;1;5;4117.0;1990;10.0;72.6;8;3;56.5975;24.196667;2.0;2024;0;1;0;0
20000.0;73.88;1;3;1302.7;1976;30.0;36.4;4;1;56.406944;24.186389;3.0;2024;0;1;0;0
9000.0;31.46;1;5;4428.7;1985;10.0;38.4;4;1;56.604167;25.255278;3.0;2024;0;1;0;0
24000.0;50.11;1;5;3063.3;2006;14.0;71.5;1;1;56.604167;25.255278;1.0;2019;0;0;0;1
25000.0;112.63;1;5;4021.1;1987;28.0;51.0;9;2;56.5975;24.196667;3.0;2024;0;1;0;0
27000.0;140.02;1;3;1335.6;1981;25.0;52.5;5;2;56.406944;24.186389;1.0;2024;0;1;0;0
25000.0;18.0;1;9;4758.4;1982;15.0;62.6;9;3;56.624167;23.28;2.0;2024;0;1;0;0
17200.0;21.11;1;5;3385.7;1983;15.0;47.6;7;2;56.604167;25.255278;3.0;2024;0;1;0;0
12000.0;119.71;1;4;2286.1;1978;25.0;56.6;8;2;56.406944;24.186389;3.0;2024;0;1;0;0
14000.0;50.18;1;3;660.0;1965;15.0;41.6;6;2;56.624167;23.28;3.0;2024;0;0;0;1
40000.0;73.06;1;6;5436.7;1983;10.0;52.2;8;2;56.406944;24.186389;2.0;2024;0;1;0;0
26000.0;25.92;1;5;3248.4;1987;10.0;59.2;7;3;56.604167;25.255278;1.0;2024;0;0;0;1
4200.0;656.3;2;2;140.8;1920;60.0;55.6;7;2;56.406944;24.186389;2.0;2024;0;1;0;0
30000.0;26.14;1;5;3248.4;1987;10.0;59.7;7;3;56.604167;25.255278;5.0;2024;0;0;0;1
13000.0;119.29;1;3;1140.6;1970;20.0;57.2;7;3;56.624167;23.28;3.0;2024;0;0;0;1
16400.0;27.43;1;5;4453.9;1979;30.0;35.0;5;1;56.5975;24.196667;4.0;2024;0;0;1;0
15200.0;66.36;1;3;3387.4;1980;29.0;66.9;8;3;56.624167;23.28;1.0;2019;0;1;0;0
60000.0;112.35;1;5;2763.5;2007;13.0;62.7;5;2;56.406944;24.186389;3.0;2024;0;0;0;1
53000.0;81.02;1;5;2932.2;1995;10.0;71.3;8;3;56.406944;24.186389;5.0;2024;0;0;0;1
